{
	"credit": "Made with Blockbench",
	"textures": {
		"0": "custom/cosmetics/cowboy",
		"particle": "custom/cosmetics/cowboy"
	},
	"elements": [
		{
			"from": [1, 0, 1],
			"to": [15, 3, 15],
			"faces": {
				"north": {"uv": [0, 0, 7, 1.5], "texture": "#0"},
				"east": {"uv": [0, 0, 7, 1.5], "texture": "#0"},
				"south": {"uv": [0, 0, 7, 1.5], "texture": "#0"},
				"west": {"uv": [0, 0, 7, 1.5], "texture": "#0"},
				"up": {"uv": [0, 2, 7, 9], "texture": "#0"},
				"down": {"uv": [0, 2, 7, 9], "texture": "#0"}
			}
		},
		{
			"from": [7.5, 4.5, 2],
			"to": [8.5, 6.5, 3],
			"faces": {
				"north": {"uv": [8, 6.5, 8.5, 7], "texture": "#0"},
				"east": {"uv": [8, 6.5, 8.5, 7], "texture": "#0"},
				"south": {"uv": [8, 6.5, 8.5, 7], "texture": "#0"},
				"west": {"uv": [8, 6.5, 8.5, 7], "texture": "#0"},
				"up": {"uv": [8, 6.5, 8.5, 7], "texture": "#0"},
				"down": {"uv": [8, 6.5, 8.5, 7], "texture": "#0"}
			}
		},
		{
			"from": [7, 5, 2],
			"to": [9, 6, 3],
			"faces": {
				"north": {"uv": [8, 6.5, 8.5, 7], "texture": "#0"},
				"east": {"uv": [8, 6.5, 8.5, 7], "texture": "#0"},
				"south": {"uv": [8, 6.5, 8.5, 7], "texture": "#0"},
				"west": {"uv": [8, 6.5, 8.5, 7], "texture": "#0"},
				"up": {"uv": [8, 6.5, 8.5, 7], "texture": "#0"},
				"down": {"uv": [8, 6.5, 8.5, 7], "texture": "#0"}
			}
		},
		{
			"from": [2.5, 3, 2.5],
			"to": [13.5, 4.2, 13.5],
			"faces": {
				"north": {"uv": [0, 8.5, 7, 9], "texture": "#0"},
				"east": {"uv": [0, 8.5, 7, 9], "texture": "#0"},
				"south": {"uv": [0, 8.5, 7, 9], "texture": "#0"},
				"west": {"uv": [0, 8.5, 7, 9], "texture": "#0"},
				"up": {"uv": [0, 8.5, 7, 9], "texture": "#0"},
				"down": {"uv": [0, 8.5, 7, 9], "texture": "#0"}
			}
		},
		{
			"from": [-0.44104, -0.78562, 2.6],
			"to": [4.55896, 4.21438, 13.4],
			"rotation": {"angle": -22.5, "axis": "z", "origin": [13.05896, -5.78562, 0]},
			"faces": {
				"north": {"uv": [7.5, 0, 10, 2.5], "texture": "#0"},
				"east": {"uv": [7.5, 3, 13, 5.5], "texture": "#0"},
				"south": {"uv": [10.5, 0, 13, 2.5], "texture": "#0"},
				"west": {"uv": [7.5, 3, 13, 5.5], "texture": "#0"},
				"up": {"uv": [7.5, 3, 13, 5.5], "rotation": 90, "texture": "#0"},
				"down": {"uv": [5, 0, 10, 11], "texture": "#missing"}
			}
		},
		{
			"from": [11.44104, -0.78562, 2.6],
			"to": [16.44104, 4.21438, 13.4],
			"rotation": {"angle": 22.5, "axis": "z", "origin": [2.94104, -5.78562, 0]},
			"faces": {
				"north": {"uv": [10, 0, 7.5, 2.5], "texture": "#0"},
				"east": {"uv": [13, 3, 7.5, 5.5], "texture": "#0"},
				"south": {"uv": [13, 0, 10.5, 2.5], "texture": "#0"},
				"west": {"uv": [13, 3, 7.5, 5.5], "texture": "#0"},
				"up": {"uv": [7.5, 5.5, 13, 3], "rotation": 90, "texture": "#0"},
				"down": {"uv": [10, 0, 5, 11], "texture": "#missing"}
			}
		},
		{
			"from": [20.89949, -4.10051, 2.1],
			"to": [23.89949, 0.89949, 13.9],
			"rotation": {"angle": -45, "axis": "z", "origin": [23.89949, 9.89949, 0]},
			"faces": {
				"north": {"uv": [6.5, 11.5, 0, 12], "texture": "#0"},
				"east": {"uv": [6.5, 9.5, 0, 12], "texture": "#0"},
				"south": {"uv": [6.5, 11.5, 0, 12], "texture": "#0"},
				"west": {"uv": [6.5, 9.5, 0, 12], "texture": "#0"},
				"up": {"uv": [6.5, 11.5, 0, 12], "texture": "#0"},
				"down": {"uv": [0, 3, 11.8, 0], "rotation": 90, "texture": "#missing"}
			}
		},
		{
			"from": [20.89949, 0.89949, 4.1],
			"to": [23.89949, 2.89949, 11.9],
			"rotation": {"angle": -45, "axis": "z", "origin": [23.89949, 9.89949, 0]},
			"faces": {
				"north": {"uv": [5.5, 2, 1.5, 2.5], "texture": "#0"},
				"east": {"uv": [5.5, 2, 1.5, 2.5], "texture": "#0"},
				"south": {"uv": [5.5, 2, 1.5, 2.5], "texture": "#0"},
				"west": {"uv": [5.5, 2, 1.5, 2.5], "texture": "#0"},
				"up": {"uv": [5.5, 2, 1.5, 2.5], "texture": "#0"},
				"down": {"uv": [5.5, 2, 1.5, 2.5], "texture": "#0"}
			}
		},
		{
			"from": [-7.89949, -4.10051, 2.1],
			"to": [-4.89949, 0.89949, 13.9],
			"rotation": {"angle": 45, "axis": "z", "origin": [-7.89949, 9.89949, 0]},
			"faces": {
				"north": {"uv": [0, 11.5, 6.5, 12], "texture": "#0"},
				"east": {"uv": [0, 9.5, 6.5, 12], "texture": "#0"},
				"south": {"uv": [0, 11.5, 6.5, 12], "texture": "#0"},
				"west": {"uv": [0, 9.5, 6.5, 12], "texture": "#0"},
				"up": {"uv": [0, 11.5, 6.5, 12], "texture": "#0"},
				"down": {"uv": [0, 0, 11.8, 3], "rotation": 90, "texture": "#missing"}
			}
		},
		{
			"from": [-7.89949, 0.89949, 4.1],
			"to": [-4.89949, 2.89949, 11.9],
			"rotation": {"angle": 45, "axis": "z", "origin": [-7.89949, 9.89949, 0]},
			"faces": {
				"north": {"uv": [1.5, 2, 5.5, 2.5], "texture": "#0"},
				"east": {"uv": [1.5, 2, 5.5, 2.5], "texture": "#0"},
				"south": {"uv": [1.5, 2, 5.5, 2.5], "texture": "#0"},
				"west": {"uv": [1.5, 2, 5.5, 2.5], "texture": "#0"},
				"up": {"uv": [1.5, 2, 5.5, 2.5], "texture": "#0"},
				"down": {"uv": [1.5, 2, 5.5, 2.5], "texture": "#0"}
			}
		}
	],
	"display": {
		"gui": {
			"rotation": [23, -29, 0],
			"translation": [0, 3.5, 0]
		},
		"head": {
			"translation": [0, 14.5, 0],
			"scale": [1.4, 1.4, 1.4]
		}
	}
}