{
	"credit": "Made with Blockbench",
	"textures": {
		"0": "custom/cosmetics/crown",
		"particle": "custom/cosmetics/crown"
	},
	"elements": [
		{
			"from": [1, 0, 1],
			"to": [15, 3, 15],
			"faces": {
				"north": {"uv": [0, 12, 7, 13.5], "texture": "#0"},
				"east": {"uv": [0, 12, 7, 13.5], "texture": "#0"},
				"south": {"uv": [0, 12, 7, 13.5], "texture": "#0"},
				"west": {"uv": [0, 12, 7, 13.5], "texture": "#0"},
				"up": {"uv": [0, 12.5, 3, 13], "texture": "#0"},
				"down": {"uv": [0, 12.5, 3, 13], "texture": "#0"}
			}
		},
		{
			"from": [2, 3, 2],
			"to": [14, 12, 14],
			"faces": {
				"north": {"uv": [0, 5, 6, 9.5], "texture": "#0"},
				"east": {"uv": [0, 5, 6, 9.5], "texture": "#0"},
				"south": {"uv": [0, 5, 6, 9.5], "texture": "#0"},
				"west": {"uv": [0, 5, 6, 9.5], "texture": "#0"},
				"up": {"uv": [6.5, 5, 12.5, 11], "texture": "#0"},
				"down": {"uv": [0, 5, 6, 9.5], "texture": "#0"}
			}
		},
		{
			"from": [7, 12, 7],
			"to": [9, 14, 9],
			"faces": {
				"north": {"uv": [9, 7.5, 9.5, 8], "texture": "#0"},
				"east": {"uv": [9, 7.5, 9.5, 8], "texture": "#0"},
				"south": {"uv": [9, 7.5, 9.5, 8], "texture": "#0"},
				"west": {"uv": [9, 7.5, 9.5, 8], "texture": "#0"},
				"up": {"uv": [9, 7.5, 9.5, 8], "texture": "#0"},
				"down": {"uv": [9, 7.5, 9.5, 8], "texture": "#0"}
			}
		},
		{
			"from": [8, 13.5, 4.5],
			"to": [8, 17.5, 11.5],
			"faces": {
				"north": {"uv": [9, 7.5, 9.5, 8], "texture": "#0"},
				"east": {"uv": [8.5, 1, 12, 3], "texture": "#0"},
				"south": {"uv": [9, 7.5, 9.5, 8], "texture": "#0"},
				"west": {"uv": [8.5, 1, 12, 3], "texture": "#0"},
				"up": {"uv": [9, 7.5, 9.5, 8], "texture": "#0"},
				"down": {"uv": [9, 7.5, 9.5, 8], "texture": "#0"}
			}
		},
		{
			"from": [4.5, 13.5, 8],
			"to": [11.5, 17.5, 8],
			"faces": {
				"north": {"uv": [8.5, 1, 12, 3], "texture": "#0"},
				"east": {"uv": [9, 7.5, 9.5, 8], "texture": "#0"},
				"south": {"uv": [8.5, 1, 12, 3], "texture": "#0"},
				"west": {"uv": [9, 7.5, 9.5, 8], "texture": "#0"},
				"up": {"uv": [9, 7.5, 9.5, 8], "rotation": 270, "texture": "#0"},
				"down": {"uv": [9, 7.5, 9.5, 8], "rotation": 90, "texture": "#0"}
			}
		},
		{
			"from": [1.5, 3, 1.5],
			"to": [14.5, 12, 1.5],
			"faces": {
				"north": {"uv": [0, 0, 6.5, 4.5], "texture": "#0"},
				"east": {"uv": [0, 0, 6.5, 4.5], "texture": "#0"},
				"south": {"uv": [0, 0, 6.5, 4.5], "texture": "#0"},
				"west": {"uv": [0, 0, 6.5, 4.5], "texture": "#0"},
				"up": {"uv": [0, 0, 6.5, 4.5], "texture": "#0"},
				"down": {"uv": [0, 0, 6.5, 4.5], "texture": "#0"}
			}
		},
		{
			"from": [1.5, 3, 14.5],
			"to": [14.5, 12, 14.5],
			"faces": {
				"north": {"uv": [0, 0, 6.5, 4.5], "texture": "#0"},
				"east": {"uv": [0, 0, 6.5, 4.5], "texture": "#0"},
				"south": {"uv": [0, 0, 6.5, 4.5], "texture": "#0"},
				"west": {"uv": [0, 0, 6.5, 4.5], "texture": "#0"},
				"up": {"uv": [0, 0, 6.5, 4.5], "texture": "#0"},
				"down": {"uv": [0, 0, 6.5, 4.5], "texture": "#0"}
			}
		},
		{
			"from": [14.5, 3, 1.5],
			"to": [14.5, 12, 14.5],
			"faces": {
				"north": {"uv": [0, 0, 6.5, 4.5], "texture": "#0"},
				"east": {"uv": [0, 0, 6.5, 4.5], "texture": "#0"},
				"south": {"uv": [0, 0, 6.5, 4.5], "texture": "#0"},
				"west": {"uv": [0, 0, 6.5, 4.5], "texture": "#0"},
				"up": {"uv": [0, 0, 6.5, 4.5], "texture": "#0"},
				"down": {"uv": [0, 0, 6.5, 4.5], "texture": "#0"}
			}
		},
		{
			"from": [1.5, 3, 1.5],
			"to": [1.5, 12, 14.5],
			"faces": {
				"north": {"uv": [0, 0, 6.5, 4.5], "texture": "#0"},
				"east": {"uv": [0, 0, 6.5, 4.5], "texture": "#0"},
				"south": {"uv": [0, 0, 6.5, 4.5], "texture": "#0"},
				"west": {"uv": [0, 0, 6.5, 4.5], "texture": "#0"},
				"up": {"uv": [0, 0, 6.5, 4.5], "texture": "#0"},
				"down": {"uv": [0, 0, 6.5, 4.5], "texture": "#0"}
			}
		}
	],
	"display": {
		"ground": {
			"translation": [0, 4.5, 0]
		},
		"gui": {
			"rotation": [13, -57, -10]
		},
		"head": {
			"translation": [0, 12.75, 0],
			"scale": [1.2, 1.2, 1.2]
		}
	}
}