{
	"credit": "Druyx2",
	"textures": {
		"0": "custom/cosmetics/texture_3",
		"1": "custom/cosmetics/texture_4",
		"2": "custom/cosmetics/texture_2",
		"particle": "custom/cosmetics/texture_3"
	},
	"elements": [
		{
			"from": [12, 0, 0],
			"to": [16, 4, 7],
			"faces": {
				"north": {"uv": [5.5, 3, 6.5, 4], "texture": "#1"},
				"east": {"uv": [5.5, 3, 6.5, 4], "texture": "#1"},
				"south": {"uv": [5.5, 3, 6.5, 4], "texture": "#1"},
				"west": {"uv": [5.5, 3, 6.5, 4], "texture": "#1"},
				"up": {"uv": [5.5, 3, 6.5, 4], "texture": "#1"},
				"down": {"uv": [5.5, 3, 6.5, 4], "texture": "#1"}
			}
		},
		{
			"from": [12.5058, 1.48861, -0.31428],
			"to": [15.46206, 7.9882, 2.76778],
			"rotation": {"angle": -45, "axis": "x", "origin": [14.01538, 4.36072, 2.85164]},
			"faces": {
				"north": {"uv": [2.75, 0, 4.25, 1], "rotation": 270, "texture": "#1"},
				"east": {"uv": [2.75, 0, 4.25, 1], "rotation": 270, "texture": "#1"},
				"south": {"uv": [2.75, 0, 4.25, 1], "rotation": 270, "texture": "#1"},
				"west": {"uv": [2.75, 0, 4.25, 1], "rotation": 270, "texture": "#1"},
				"up": {"uv": [2.75, 0, 4.25, 1], "rotation": 270, "texture": "#1"},
				"down": {"uv": [2.75, 0, 4.25, 1], "rotation": 270, "texture": "#1"}
			}
		},
		{
			"from": [12.75739, 5.38675, -0.46185],
			"to": [15.25239, 10.14613, 2.17991],
			"rotation": {"angle": -22.5, "axis": "x", "origin": [13.98393, 3.47881, 1.43561]},
			"faces": {
				"north": {"uv": [4.5, 5.75, 6, 7.25], "texture": "#1"},
				"east": {"uv": [4.5, 5.75, 6, 7.25], "texture": "#1"},
				"south": {"uv": [4.5, 5.75, 6, 7.25], "texture": "#1"},
				"west": {"uv": [4.5, 5.75, 6, 7.25], "texture": "#1"},
				"up": {"uv": [4.5, 5.75, 6, 7.25], "texture": "#1"},
				"down": {"uv": [4.5, 5.75, 6, 7.25], "texture": "#1"}
			}
		},
		{
			"from": [12.86222, 8.5643, -2.46241],
			"to": [15.14756, 12.46405, -0.26094],
			"rotation": {"angle": 0, "axis": "y", "origin": [14.00489, 11.63587, -2.56724]},
			"faces": {
				"north": {"uv": [2.75, 0, 4.5, 1], "rotation": 270, "texture": "#1"},
				"east": {"uv": [2.75, 0, 4.5, 1], "rotation": 270, "texture": "#1"},
				"south": {"uv": [2.75, 0, 4.5, 1], "rotation": 270, "texture": "#1"},
				"west": {"uv": [2.75, 0, 4.5, 1], "rotation": 270, "texture": "#1"},
				"up": {"uv": [2.75, 0, 4.5, 1], "rotation": 270, "texture": "#1"},
				"down": {"uv": [2.75, 0, 4.5, 1], "rotation": 270, "texture": "#1"}
			}
		},
		{
			"from": [13.08479, 14.98002, -0.4077],
			"to": [14.91693, 18.12498, 1.24864],
			"rotation": {"angle": 0, "axis": "y", "origin": [14.00489, 11.63587, -2.56724]},
			"faces": {
				"north": {"uv": [12, 0, 14, 1.75], "rotation": 270, "texture": "#2"},
				"east": {"uv": [12, 0, 14, 1.75], "rotation": 270, "texture": "#2"},
				"south": {"uv": [12, 0, 14, 1.75], "rotation": 270, "texture": "#2"},
				"west": {"uv": [12, 0, 14, 1.75], "rotation": 270, "texture": "#2"},
				"up": {"uv": [12, 0, 14, 1.75], "rotation": 270, "texture": "#2"},
				"down": {"uv": [12, 0, 14, 1.75], "rotation": 270, "texture": "#2"}
			}
		},
		{
			"from": [12.94609, 12.08665, -1.43506],
			"to": [15.04273, 15.9864, 0.76642],
			"rotation": {"angle": 22.5, "axis": "x", "origin": [14.00489, 14.22523, -1.36167]},
			"faces": {
				"north": {"uv": [0, 2, 0.75, 3.5], "rotation": 270, "texture": "#1"},
				"east": {"uv": [0, 2, 0.75, 3.5], "rotation": 270, "texture": "#1"},
				"south": {"uv": [0, 2, 0.75, 3.5], "rotation": 270, "texture": "#1"},
				"west": {"uv": [0, 2, 0.75, 3.5], "rotation": 270, "texture": "#1"},
				"up": {"uv": [0, 2, 0.75, 3.5], "rotation": 270, "texture": "#1"},
				"down": {"uv": [0, 2, 0.75, 3.5], "rotation": 270, "texture": "#1"}
			}
		},
		{
			"from": [0.9, 17.86193, -2.02521],
			"to": [3.025, 21.61193, -0.05021],
			"rotation": {"angle": 0, "axis": "y", "origin": [1.9875, 13.87443, -4.60021]},
			"faces": {
				"north": {"uv": [7, 5, 7.5, 6.5], "rotation": 90, "texture": "#1"},
				"east": {"uv": [7, 5, 7.5, 6.5], "rotation": 90, "texture": "#1"},
				"south": {"uv": [7, 5, 7.5, 6.5], "rotation": 90, "texture": "#1"},
				"west": {"uv": [7, 5, 7.5, 6.5], "rotation": 90, "texture": "#1"},
				"up": {"uv": [7, 5, 7.5, 6.5], "rotation": 90, "texture": "#1"},
				"down": {"uv": [7, 5, 7.5, 6.5], "rotation": 90, "texture": "#1"}
			}
		},
		{
			"from": [0, 0, 1],
			"to": [4, 4, 8],
			"rotation": {"angle": 0, "axis": "y", "origin": [-12, 0, 0]},
			"faces": {
				"north": {"uv": [6, 5, 7, 6], "texture": "#1"},
				"east": {"uv": [3, 3.5, 4.5, 4.5], "texture": "#1"},
				"south": {"uv": [6, 6, 7, 7], "texture": "#1"},
				"west": {"uv": [4, 1.5, 5.5, 2.5], "texture": "#1"},
				"up": {"uv": [5.5, 1.5, 4.5, 0], "texture": "#1"},
				"down": {"uv": [4, 1.5, 5.5, 2.5], "texture": "#1"}
			}
		},
		{
			"from": [0.2, 1.775, -1.91382],
			"to": [3.725, 9.525, 1.76118],
			"rotation": {"angle": -45, "axis": "x", "origin": [2, 5.19966, 1.86118]},
			"faces": {
				"north": {"uv": [5.25, 5.75, 6, 7.25], "rotation": 180, "texture": "#1"},
				"east": {"uv": [1, 3.5, 2, 5], "rotation": 270, "texture": "#1"},
				"south": {"uv": [4.5, 5.75, 5.25, 7.25], "texture": "#1"},
				"west": {"uv": [1.75, 3.5, 2.75, 5], "rotation": 90, "texture": "#1"},
				"up": {"uv": [7.75, 2.5, 7, 1.5], "rotation": 180, "texture": "#1"},
				"down": {"uv": [0, 0, 4, 4], "texture": "#1"}
			}
		},
		{
			"from": [0.5, 6.42308, -2.08978],
			"to": [3.475, 12.09808, 1.06022],
			"rotation": {"angle": -22.5, "axis": "x", "origin": [1.9625, 4.14808, 0.17272]},
			"faces": {
				"north": {"uv": [4.75, 4, 5.25, 5.75], "rotation": 180, "texture": "#1"},
				"east": {"uv": [0, 1.75, 1, 3.5], "rotation": 180, "texture": "#1"},
				"south": {"uv": [1, 3.25, 2, 5], "rotation": 180, "texture": "#1"},
				"west": {"uv": [1, 1.75, 2, 3.5], "rotation": 180, "texture": "#1"},
				"up": {"uv": [6.75, 8, 6, 7], "rotation": 180, "texture": "#1"},
				"down": {"uv": [1, 3.5, 2, 5.25], "rotation": 180, "texture": "#1"}
			}
		},
		{
			"from": [0.625, 10.21193, -4.47521],
			"to": [3.35, 14.86193, -1.85021],
			"rotation": {"angle": 0, "axis": "y", "origin": [1.9875, 13.87443, -4.60021]},
			"faces": {
				"north": {"uv": [0, 1, 2, 2.75], "rotation": 90, "texture": "#1"},
				"east": {"uv": [0, 1, 2, 2.75], "rotation": 90, "texture": "#1"},
				"south": {"uv": [0, 1, 2, 2.75], "rotation": 90, "texture": "#1"},
				"west": {"uv": [0, 1, 2, 2.75], "rotation": 90, "texture": "#1"},
				"up": {"uv": [0, 1, 2, 2.75], "rotation": 90, "texture": "#1"},
				"down": {"uv": [0, 1, 2, 2.75], "rotation": 90, "texture": "#1"}
			}
		},
		{
			"from": [0.725, 14.41193, -3.25021],
			"to": [3.225, 19.06193, -0.62521],
			"rotation": {"angle": 22.5, "axis": "x", "origin": [1.9875, 16.96193, -3.16271]},
			"faces": {
				"north": {"uv": [5.5, 1.5, 6.25, 2.75], "rotation": 180, "texture": "#1"},
				"east": {"uv": [5.25, 4, 6, 5.25], "rotation": 180, "texture": "#1"},
				"south": {"uv": [5.5, 0, 6.25, 1.5], "rotation": 180, "texture": "#1"},
				"west": {"uv": [5.5, 1.5, 6.25, 2.75], "rotation": 180, "texture": "#1"},
				"up": {"uv": [5.5, 1.5, 6.25, 2.75], "rotation": 180, "texture": "#1"},
				"down": {"uv": [5.5, 1.5, 6.25, 2.75], "rotation": 180, "texture": "#1"}
			}
		},
		{
			"from": [7.14834, 9.70203, 3.62538],
			"to": [8.96889, 10.8743, 4.53565],
			"rotation": {"angle": 0, "axis": "y", "origin": [-1.3782, -1.3782, -1.91549]},
			"faces": {
				"north": {"uv": [9.5, 9, 10.5, 10], "texture": "#0"},
				"east": {"uv": [9.5, 9, 10.5, 10], "texture": "#0"},
				"south": {"uv": [9.5, 9, 10.5, 10], "texture": "#0"},
				"west": {"uv": [9.5, 9, 10.5, 10], "texture": "#0"},
				"up": {"uv": [9.5, 9, 10.5, 10], "texture": "#0"},
				"down": {"uv": [9.5, 9, 10.5, 10], "texture": "#0"}
			}
		},
		{
			"from": [5.57126, 9.70203, 3.93908],
			"to": [7.39181, 10.8743, 4.84935],
			"rotation": {"angle": 22.5, "axis": "y", "origin": [6.48153, 10.28816, 4.39422]},
			"faces": {
				"north": {"uv": [11, 1.5, 10, 1], "texture": "#0"},
				"east": {"uv": [11, 1.5, 10, 1], "texture": "#0"},
				"south": {"uv": [11, 1.5, 10, 1], "texture": "#0"},
				"west": {"uv": [11, 1.5, 10, 1], "texture": "#0"},
				"up": {"uv": [11, 1.5, 10, 1], "texture": "#0"},
				"down": {"uv": [11, 1.5, 10, 1], "texture": "#0"}
			}
		},
		{
			"from": [3.54758, 9.70203, 3.17458],
			"to": [5.36812, 10.8743, 4.08485],
			"rotation": {"angle": 45, "axis": "y", "origin": [6.8024, 10.28816, 3.62971]},
			"faces": {
				"north": {"uv": [9, 1, 8.5, 0], "texture": "#0"},
				"east": {"uv": [9, 1, 8.5, 0], "texture": "#0"},
				"south": {"uv": [9, 1, 8.5, 0], "texture": "#0"},
				"west": {"uv": [9, 1, 8.5, 0], "texture": "#0"},
				"up": {"uv": [9, 1, 8.5, 0], "texture": "#0"},
				"down": {"uv": [9, 1, 8.5, 0], "texture": "#0"}
			}
		},
		{
			"from": [4.69329, 9.70203, 5.89274],
			"to": [5.60356, 10.8743, 7.71329],
			"rotation": {"angle": -22.5, "axis": "y", "origin": [5.14843, 10.28816, 4.45846]},
			"faces": {
				"north": {"uv": [8.5, 4, 8, 3], "texture": "#0"},
				"east": {"uv": [8.5, 4, 8, 3], "texture": "#0"},
				"south": {"uv": [8.5, 4, 8, 3], "texture": "#0"},
				"west": {"uv": [8.5, 4, 8, 3], "texture": "#0"},
				"up": {"uv": [8.5, 4, 8, 3], "texture": "#0"},
				"down": {"uv": [8.5, 4, 8, 3], "texture": "#0"}
			}
		},
		{
			"from": [3.48237, 9.70203, 7.29135],
			"to": [4.39264, 10.8743, 9.1119],
			"rotation": {"angle": 0, "axis": "y", "origin": [3.9375, 10.28816, 5.85708]},
			"faces": {
				"north": {"uv": [6.5, 9, 6, 8], "texture": "#0"},
				"east": {"uv": [6.5, 9, 6, 8], "texture": "#0"},
				"south": {"uv": [6.5, 9, 6, 8], "texture": "#0"},
				"west": {"uv": [6.5, 9, 6, 8], "texture": "#0"},
				"up": {"uv": [6.5, 9, 6, 8], "texture": "#0"},
				"down": {"uv": [6.5, 9, 6, 8], "texture": "#0"}
			}
		},
		{
			"from": [2.00163, 9.70203, 9.22537],
			"to": [2.9119, 10.8743, 11.04591],
			"rotation": {"angle": 22.5, "axis": "y", "origin": [2.45676, 10.28816, 5.44654]},
			"faces": {
				"north": {"uv": [8.5, 1, 8, 0], "texture": "#0"},
				"east": {"uv": [8.5, 1, 8, 0], "texture": "#0"},
				"south": {"uv": [8.5, 1, 8, 0], "texture": "#0"},
				"west": {"uv": [8.5, 1, 8, 0], "texture": "#0"},
				"up": {"uv": [8.5, 1, 8, 0], "texture": "#0"},
				"down": {"uv": [8.5, 1, 8, 0], "texture": "#0"}
			}
		},
		{
			"from": [0.5448, 9.70203, 11.92218],
			"to": [1.45507, 10.8743, 13.74272],
			"rotation": {"angle": 45, "axis": "y", "origin": [0.99993, 10.28816, 6.97107]},
			"faces": {
				"north": {"uv": [6, 9.5, 5, 9], "rotation": 270, "texture": "#0"},
				"east": {"uv": [8.5, 4.5, 9.5, 5], "rotation": 270, "texture": "#0"},
				"south": {"uv": [6, 9.5, 5, 9], "rotation": 270, "texture": "#0"},
				"west": {"uv": [6, 9.5, 5, 9], "rotation": 270, "texture": "#0"},
				"up": {"uv": [6, 9.5, 5, 9], "rotation": 270, "texture": "#0"},
				"down": {"uv": [6, 9.5, 5, 9], "rotation": 270, "texture": "#0"}
			}
		},
		{
			"from": [6.01743, 9.70203, 9.31085],
			"to": [7.83798, 10.8743, 10.22112],
			"rotation": {"angle": -22.5, "axis": "y", "origin": [1.06633, 10.28816, 9.76598]},
			"faces": {
				"north": {"uv": [9, 4, 8, 3.5], "texture": "#0"},
				"east": {"uv": [9.5, 4, 8.5, 3.5], "texture": "#0"},
				"south": {"uv": [9.5, 4, 8.5, 3.5], "texture": "#0"},
				"west": {"uv": [9.5, 4, 8.5, 3.5], "texture": "#0"},
				"up": {"uv": [9.5, 4, 8.5, 3.5], "texture": "#0"},
				"down": {"uv": [9.5, 4, 8.5, 3.5], "texture": "#0"}
			}
		},
		{
			"from": [8.77257, 9.70203, 3.9951],
			"to": [10.59312, 10.8743, 4.90538],
			"rotation": {"angle": -22.5, "axis": "y", "origin": [9.80009, 10.28816, 4.30371]},
			"faces": {
				"north": {"uv": [9.5, 6, 10.5, 6.5], "texture": "#0"},
				"east": {"uv": [9.5, 6, 10.5, 6.5], "texture": "#0"},
				"south": {"uv": [9.5, 6, 10.5, 6.5], "texture": "#0"},
				"west": {"uv": [9.5, 6, 10.5, 6.5], "texture": "#0"},
				"up": {"uv": [9.5, 6, 10.5, 6.5], "texture": "#0"},
				"down": {"uv": [9.5, 6, 10.5, 6.5], "texture": "#0"}
			}
		},
		{
			"from": [10.13168, 9.70203, 4.95825],
			"to": [11.95222, 10.8743, 5.86852],
			"rotation": {"angle": -45, "axis": "y", "origin": [11.1592, 10.28816, 5.26685]},
			"faces": {
				"north": {"uv": [10, 4.5, 9.5, 3.5], "texture": "#0"},
				"east": {"uv": [10, 4.5, 9.5, 3.5], "texture": "#0"},
				"south": {"uv": [10, 4.5, 9.5, 3.5], "texture": "#0"},
				"west": {"uv": [10, 4.5, 9.5, 3.5], "texture": "#0"},
				"up": {"uv": [10, 4.5, 9.5, 3.5], "texture": "#0"},
				"down": {"uv": [10, 4.5, 9.5, 3.5], "texture": "#0"}
			}
		},
		{
			"from": [11.4446, 9.70203, 5.64927],
			"to": [12.35487, 10.8743, 7.46982],
			"rotation": {"angle": 22.5, "axis": "y", "origin": [12.04627, 10.28816, 6.67679]},
			"faces": {
				"north": {"uv": [9.5, 10, 9, 9], "rotation": 90, "texture": "#0"},
				"east": {"uv": [9.5, 10, 9, 9], "rotation": 90, "texture": "#0"},
				"south": {"uv": [9.5, 10, 9, 9], "rotation": 90, "texture": "#0"},
				"west": {"uv": [9.5, 10, 9, 9], "rotation": 90, "texture": "#0"},
				"up": {"uv": [9.5, 10, 9, 9], "rotation": 90, "texture": "#0"},
				"down": {"uv": [9.5, 10, 9, 9], "rotation": 90, "texture": "#0"}
			}
		},
		{
			"from": [11.72459, 9.70203, 7.29135],
			"to": [12.63486, 10.8743, 9.1119],
			"rotation": {"angle": 0, "axis": "y", "origin": [12.32626, 10.28816, 8.31887]},
			"faces": {
				"north": {"uv": [4.5, 10, 4, 9], "rotation": 90, "texture": "#0"},
				"east": {"uv": [4.5, 10, 4, 9], "rotation": 90, "texture": "#0"},
				"south": {"uv": [4.5, 10, 4, 9], "rotation": 90, "texture": "#0"},
				"west": {"uv": [4.5, 10, 4, 9], "rotation": 90, "texture": "#0"},
				"up": {"uv": [4.5, 10, 4, 9], "rotation": 90, "texture": "#0"},
				"down": {"uv": [4.5, 10, 4, 9], "rotation": 90, "texture": "#0"}
			}
		},
		{
			"from": [11.35486, 9.70203, 8.91559],
			"to": [12.26514, 10.8743, 10.73613],
			"rotation": {"angle": -22.5, "axis": "y", "origin": [11.95653, 10.28816, 9.9431]},
			"faces": {
				"north": {"uv": [5.5, 10, 5, 9], "rotation": 90, "texture": "#0"},
				"east": {"uv": [5.5, 10, 5, 9], "rotation": 90, "texture": "#0"},
				"south": {"uv": [5.5, 10, 5, 9], "rotation": 90, "texture": "#0"},
				"west": {"uv": [5.5, 10, 5, 9], "rotation": 90, "texture": "#0"},
				"up": {"uv": [5.5, 10, 5, 9], "rotation": 90, "texture": "#0"},
				"down": {"uv": [5.5, 10, 5, 9], "rotation": 90, "texture": "#0"}
			}
		},
		{
			"from": [10.39172, 9.70203, 10.27469],
			"to": [11.30199, 10.8743, 12.09524],
			"rotation": {"angle": -45, "axis": "y", "origin": [10.99339, 10.28816, 11.30221]},
			"faces": {
				"north": {"uv": [8.5, 10, 8, 9], "rotation": 90, "texture": "#0"},
				"east": {"uv": [8.5, 10, 8, 9], "rotation": 90, "texture": "#0"},
				"south": {"uv": [8.5, 10, 8, 9], "rotation": 90, "texture": "#0"},
				"west": {"uv": [8.5, 10, 8, 9], "rotation": 90, "texture": "#0"},
				"up": {"uv": [8.5, 10, 8, 9], "rotation": 90, "texture": "#0"},
				"down": {"uv": [8.5, 10, 8, 9], "rotation": 90, "texture": "#0"}
			}
		},
		{
			"from": [8.79042, 9.70203, 11.58761],
			"to": [10.61097, 10.8743, 12.49788],
			"rotation": {"angle": 22.5, "axis": "y", "origin": [9.58345, 10.28816, 12.18928]},
			"faces": {
				"north": {"uv": [10, 1.5, 9, 1], "rotation": 180, "texture": "#0"},
				"east": {"uv": [8.5, 1.5, 7.5, 1], "rotation": 180, "texture": "#0"},
				"south": {"uv": [8.5, 1.5, 7.5, 1], "rotation": 180, "texture": "#0"},
				"west": {"uv": [8.5, 1.5, 7.5, 1], "rotation": 180, "texture": "#0"},
				"up": {"uv": [8.5, 1.5, 7.5, 1], "rotation": 180, "texture": "#0"},
				"down": {"uv": [8.5, 1.5, 7.5, 1], "rotation": 180, "texture": "#0"}
			}
		},
		{
			"from": [7.14834, 9.70203, 11.8676],
			"to": [8.96889, 10.8743, 12.77787],
			"rotation": {"angle": 0, "axis": "y", "origin": [7.94137, 10.28816, 12.46927]},
			"faces": {
				"north": {"uv": [9.5, 7.5, 8.5, 7], "texture": "#0"},
				"east": {"uv": [9.5, 7.5, 8.5, 7], "texture": "#0"},
				"south": {"uv": [9.5, 7.5, 8.5, 7], "texture": "#0"},
				"west": {"uv": [9.5, 7.5, 8.5, 7], "texture": "#0"},
				"up": {"uv": [9.5, 7.5, 8.5, 7], "texture": "#0"},
				"down": {"uv": [9.5, 7.5, 8.5, 7], "texture": "#0"}
			}
		},
		{
			"from": [7.54492, 5.69894, 2.86176],
			"to": [8.45519, 18.5588, 3.77203],
			"rotation": {"angle": 0, "axis": "y", "origin": [-1.3782, -1.3782, -1.91549]},
			"faces": {
				"north": {"uv": [0, 0, 1, 7], "texture": "#0"},
				"east": {"uv": [0, 0, 1, 7], "texture": "#0"},
				"south": {"uv": [0, 0, 1, 7], "texture": "#0"},
				"west": {"uv": [0, 0, 1, 7], "texture": "#0"},
				"up": {"uv": [10, 8.5, 10.5, 9], "texture": "#0"},
				"down": {"uv": [0, 0, 1, 7], "texture": "#0"}
			}
		},
		{
			"from": [3.88173, 6.52762, 5.6383],
			"to": [4.79201, 15.62542, 6.54857],
			"rotation": {"angle": 45, "axis": "y", "origin": [2.90083, 12.12887, 5.39007]},
			"faces": {
				"north": {"uv": [2, 0, 2.5, 5.5], "texture": "#0"},
				"east": {"uv": [2, 0, 2.5, 5.5], "texture": "#0"},
				"south": {"uv": [2, 0, 2.5, 5.5], "texture": "#0"},
				"west": {"uv": [2, 0, 2.5, 5.5], "texture": "#0"},
				"up": {"uv": [7.5, 9.5, 8, 10], "texture": "#0"},
				"down": {"uv": [2, 0, 2.5, 5.5], "texture": "#0"}
			}
		},
		{
			"from": [2.75288, 7.49405, 7.73255],
			"to": [3.66315, 14.45185, 8.64282],
			"rotation": {"angle": 0, "axis": "y", "origin": [1.09792, 11.07652, 8.18769]},
			"faces": {
				"north": {"uv": [4, 4.5, 4.5, 9], "texture": "#0"},
				"east": {"uv": [4, 4.5, 4.5, 9], "texture": "#0"},
				"south": {"uv": [4, 4.5, 4.5, 9], "texture": "#0"},
				"west": {"uv": [4, 4.5, 4.5, 9], "texture": "#0"},
				"up": {"uv": [7.5, 9.5, 8, 10], "texture": "#0"},
				"down": {"uv": [4, 4.5, 4.5, 9], "texture": "#0"}
			}
		},
		{
			"from": [3.72001, 7.1528, 12.1872],
			"to": [4.63028, 14.35948, 13.09747],
			"rotation": {"angle": 45, "axis": "y", "origin": [3.20802, 10.97295, 11.70451]},
			"faces": {
				"north": {"uv": [5.5, 4.5, 6, 8.5], "texture": "#0"},
				"east": {"uv": [5.5, 4.5, 6, 8.5], "texture": "#0"},
				"south": {"uv": [5.5, 4.5, 6, 8.5], "texture": "#0"},
				"west": {"uv": [5.5, 4.5, 6, 8.5], "texture": "#0"},
				"up": {"uv": [7.5, 9.5, 8, 10], "texture": "#0"},
				"down": {"uv": [5.5, 4.5, 6, 8.5], "texture": "#0"}
			}
		},
		{
			"from": [11.12051, 7.60424, 4.30811],
			"to": [12.03079, 16.61939, 5.21839],
			"rotation": {"angle": 45, "axis": "y", "origin": [11.57565, 10.20651, 4.54261]},
			"faces": {
				"north": {"uv": [4, 4.5, 4.5, 9], "texture": "#0"},
				"east": {"uv": [4, 4.5, 4.5, 9], "texture": "#0"},
				"south": {"uv": [4, 4.5, 4.5, 9], "texture": "#0"},
				"west": {"uv": [4, 4.5, 4.5, 9], "texture": "#0"},
				"up": {"uv": [7.5, 9.5, 8, 10], "texture": "#0"},
				"down": {"uv": [4, 4.5, 4.5, 9], "texture": "#0"}
			}
		},
		{
			"from": [12.56172, 7.90434, 7.84392],
			"to": [13.47199, 14.25315, 8.75419],
			"rotation": {"angle": 0, "axis": "y", "origin": [14.21844, 12.11181, 7.1854]},
			"faces": {
				"north": {"uv": [6.5, 0, 7, 4], "texture": "#0"},
				"east": {"uv": [6.5, 0, 7, 4], "texture": "#0"},
				"south": {"uv": [6.5, 0, 7, 4], "texture": "#0"},
				"west": {"uv": [6.5, 0, 7, 4], "texture": "#0"},
				"up": {"uv": [7.5, 9.5, 8, 10], "texture": "#0"},
				"down": {"uv": [6.5, 0, 7, 4], "texture": "#0"}
			}
		},
		{
			"from": [11.38945, 7.45771, 12.23995],
			"to": [12.29972, 15.08031, 13.15023],
			"rotation": {"angle": -45, "axis": "y", "origin": [13.01686, 11.07875, 11.81588]},
			"faces": {
				"north": {"uv": [6, 4, 6.5, 8], "texture": "#0"},
				"east": {"uv": [6, 4, 6.5, 8], "texture": "#0"},
				"south": {"uv": [6, 4, 6.5, 8], "texture": "#0"},
				"west": {"uv": [6, 4, 6.5, 8], "texture": "#0"},
				"up": {"uv": [7.5, 9.5, 8, 10], "texture": "#0"},
				"down": {"uv": [6, 4, 6.5, 8], "texture": "#0"}
			}
		},
		{
			"from": [7.68651, 6.63383, 12.79039],
			"to": [8.59679, 15.79633, 13.70066],
			"rotation": {"angle": 0, "axis": "y", "origin": [9.07947, 11.26901, 14.09542]},
			"faces": {
				"north": {"uv": [2, 5.5, 2.5, 9.5], "texture": "#0"},
				"east": {"uv": [2, 5.5, 2.5, 9.5], "texture": "#0"},
				"south": {"uv": [2, 5.5, 2.5, 9.5], "texture": "#0"},
				"west": {"uv": [2, 5.5, 2.5, 9.5], "texture": "#0"},
				"up": {"uv": [7.5, 9.5, 8, 10], "texture": "#0"},
				"down": {"uv": [2, 5.5, 2.5, 9.5], "texture": "#0"}
			}
		}
	],
	"display": {
		"thirdperson_righthand": {
			"rotation": [0, -10.5, 0],
			"translation": [-0.25, 2.25, 2],
			"scale": [0.3, 0.25, 0.3]
		},
		"thirdperson_lefthand": {
			"rotation": [0, -10.5, 0],
			"translation": [-0.25, 2.25, 2],
			"scale": [0.3, 0.25, 0.3]
		},
		"firstperson_righthand": {
			"rotation": [0, -17.75, 0],
			"translation": [-0.25, 3.5, 3.25],
			"scale": [0.5, 0.5, 0.5]
		},
		"firstperson_lefthand": {
			"rotation": [0, -21.5, 0],
			"translation": [-0.25, 3.5, 3.25],
			"scale": [0.5, 0.5, 0.5]
		},
		"ground": {
			"translation": [0, 1.5, 0.25],
			"scale": [0.6, 0.6, 0.6]
		},
		"gui": {
			"rotation": [12, 139, 0],
			"translation": [1.5, -0.5, 0],
			"scale": [0.7, 0.7, 0.7]
		},
		"head": {
			"rotation": [0, -0.75, 0],
			"translation": [0, 10.5, 0.25],
			"scale": [0.9, 0.9, 0.9]
		},
		"fixed": {
			"rotation": [-43.75, -0.5, 0],
			"translation": [-0.5, 2.5, -1]
		}
	},
	"groups": [
		{
			"name": "Semua Tandok ANJG!!",
			"origin": [1.9875, 16.96193, -3.16271],
			"color": 0,
			"children": [0, 1, 2, 3, 4, 5, 6, 7, 8, 9, 10, 11]
		},
		{
			"name": "Mahkota AYON",
			"origin": [8, 8, 8],
			"color": 0,
			"children": [12, 13, 14, 15, 16, 17, 18, 19, 20, 21, 22, 23, 24, 25, 26, 27, 28, 29, 30, 31, 32, 33, 34, 35]
		}
	]
}