{
	"credit": "Made with Blockbench",
	"textures": {
		"0": "custom/cosmetics/guitar3",
		"1": "custom/cosmetics/guitar2",
		"2": "custom/cosmetics/guitar1",
		"particle": "custom/cosmetics/guitar3"
	},
	"elements": [
		{
			"from": [6.5, 0, 4.7],
			"to": [11.6, 3.25, 6.6],
			"faces": {
				"north": {"uv": [0, 5, 5.5, 8.5], "texture": "#0"},
				"east": {"uv": [0, 12, 2.5, 15.5], "texture": "#0"},
				"south": {"uv": [0, 5, 5.5, 8.5], "texture": "#0"},
				"west": {"uv": [0, 12, 2.5, 15.5], "texture": "#0"},
				"up": {"uv": [13.5, 2.5, 8, 0], "texture": "#0"},
				"down": {"uv": [5.5, 9, 0, 11.5], "texture": "#0"}
			}
		},
		{
			"from": [7.25, 2.2, 4.725],
			"to": [10.85, 7.35, 6.575],
			"faces": {
				"north": {"uv": [0, 0, 4, 5], "texture": "#0"},
				"east": {"uv": [8, 9, 10, 14], "texture": "#0"},
				"south": {"uv": [0, 0, 4, 5], "texture": "#0"},
				"west": {"uv": [8, 9, 10, 14], "texture": "#0"},
				"up": {"uv": [12, 5, 8, 3], "texture": "#0"},
				"down": {"uv": [16, 3, 12, 5], "texture": "#0"}
			}
		},
		{
			"from": [8.425, 7.375, 4.65],
			"to": [9.725, 12.2, 6.275],
			"faces": {
				"north": {"uv": [0, 0, 1.5, 5], "texture": "#1"},
				"east": {"uv": [4, 0, 5, 5], "texture": "#1"},
				"south": {"uv": [0, 0, 1.5, 5], "texture": "#1"},
				"west": {"uv": [0, 5, 1, 10], "texture": "#1"},
				"up": {"uv": [6.5, 4, 5, 3], "texture": "#1"},
				"down": {"uv": [6.5, 4, 5, 5], "texture": "#1"}
			}
		},
		{
			"from": [8.225, 11.95, 4.65],
			"to": [9.975, 13.75, 6.35],
			"faces": {
				"north": {"uv": [0, 0, 1.75, 1.75], "texture": "#2"},
				"east": {"uv": [2, 2, 3.25, 3.75], "texture": "#2"},
				"south": {"uv": [0, 0, 1.75, 1.75], "texture": "#2"},
				"west": {"uv": [2, 2, 3.25, 3.75], "texture": "#2"},
				"up": {"uv": [1.75, 5.25, 0, 4], "texture": "#2"},
				"down": {"uv": [5.75, 0, 4, 1.25], "texture": "#2"}
			}
		}
	],
	"display": {
		"thirdperson_righthand": {
			"translation": [-1.5, -1.25, 6],
			"scale": [2, 2, 1.99]
		},
		"thirdperson_lefthand": {
			"translation": [-9.5, -8.25, 4],
			"scale": [2, 2, 2]
		},
		"firstperson_righthand": {
			"rotation": [0, 79, 0],
			"translation": [3.25, 2.5, 1.5],
			"scale": [2, 2, 2]
		},
		"firstperson_lefthand": {
			"rotation": [0, 79, 0],
			"translation": [3.25, 2.5, 1.5],
			"scale": [2, 2, 2]
		},
		"gui": {
			"rotation": [30, -46, 0],
			"translation": [-1.5, 1, 0]
		},
		"head": {
			"rotation": [-2, 0, -39.5],
			"translation": [6, -35, 14.75],
			"scale": [4, 4, 4]
		}
	}
}