{
    "parent": "item/generated",
    "textures": {
        "layer0": "item/crossbow_standby"
    },
    "display": {
        "thirdperson_righthand": {
            "rotation": [ -80, 260, -40 ],
            "translation": [ -1, 0, -1 ],
            "scale": [ 1.35, 1.35, 1.35 ]
        },
        "thirdperson_lefthand": {
            "rotation": [ -80, -280, 40 ],
            "translation": [ -1, 0, -1 ],
            "scale": [ 1.35, 1.35, 1.35 ]
        },
        "firstperson_righthand": {
            "rotation": [ 0, -100, 40 ],
            "translation": [ 1.13, 3.2, 1.13],
            "scale": [ 1.02, 1.02, 1.02 ]
        },
        "firstperson_lefthand": {
            "rotation": [ 0, 80, -40 ],
            "translation": [ 0.1, 3.2, 0.1],
            "scale": [ 1.02, 1.02, 1.02 ]
        }
    },
    "overrides": [
        {
            "predicate": {
                "pulling": 1
            },
            "model": "item/crossbow_pulling_0"
        },
        {
            "predicate": {
                "pulling": 1,
                "pull": 0.58
            },
            "model": "item/crossbow_pulling_1"
        },
        {
            "predicate": {
                "pulling": 1,
                "pull": 1.0
            },
            "model": "item/crossbow_pulling_2"
        },
        {
            "predicate": {
                "charged": 1
            },
            "model": "item/crossbow_arrow"
        },
        {
            "predicate": {
                "charged": 1,
                "firework": 1
            },
            "model": "item/crossbow_firework"
        }
    ]
}
