{"data":160,"parent":"item/generated","textures":{"layer0":"item/leather_horse_armor"},"overrides":[{"predicate":{"custom_model_data":1},"model":"modelengine:rocky/crystal3"},{"predicate":{"custom_model_data":2},"model":"modelengine:rocky/cryatla1"},{"predicate":{"custom_model_data":3},"model":"modelengine:rocky/cystal3"},{"predicate":{"custom_model_data":4},"model":"modelengine:rocky/crystal2"},{"predicate":{"custom_model_data":5},"model":"modelengine:rocky/lowerleftarm"},{"predicate":{"custom_model_data":6},"model":"modelengine:rocky/leftarm"},{"predicate":{"custom_model_data":7},"model":"modelengine:rocky/lowerrightarm"},{"predicate":{"custom_model_data":8},"model":"modelengine:rocky/rightarm"},{"predicate":{"custom_model_data":9},"model":"modelengine:rocky/jaw"},{"predicate":{"custom_model_data":10},"model":"modelengine:rocky/head"},{"predicate":{"custom_model_data":11},"model":"modelengine:rocky/body"},{"predicate":{"custom_model_data":12},"model":"modelengine:rocky/rightleg4"},{"predicate":{"custom_model_data":13},"model":"modelengine:rocky/leftleg"},{"predicate":{"custom_model_data":14},"model":"modelengine:rocky/rightleg2"},{"predicate":{"custom_model_data":15},"model":"modelengine:rocky/rightleg"},{"predicate":{"custom_model_data":16},"model":"modelengine:nocsy_greentroll/endtail"},{"predicate":{"custom_model_data":17},"model":"modelengine:nocsy_greentroll/righteyebrow"},{"predicate":{"custom_model_data":18},"model":"modelengine:nocsy_greentroll/lefteyebrow"},{"predicate":{"custom_model_data":19},"model":"modelengine:nocsy_greentroll/head"},{"predicate":{"custom_model_data":20},"model":"modelengine:nocsy_greentroll/rightfoot"},{"predicate":{"custom_model_data":21},"model":"modelengine:nocsy_greentroll/rightcap"},{"predicate":{"custom_model_data":22},"model":"modelengine:nocsy_greentroll/rightupperleg"},{"predicate":{"custom_model_data":23},"model":"modelengine:nocsy_greentroll/leftfoot"},{"predicate":{"custom_model_data":24},"model":"modelengine:nocsy_greentroll/leftcap"},{"predicate":{"custom_model_data":25},"model":"modelengine:nocsy_greentroll/leftupperleg"},{"predicate":{"custom_model_data":26},"model":"modelengine:nocsy_greentroll/subsubrightpic"},{"predicate":{"custom_model_data":27},"model":"modelengine:nocsy_greentroll/subrightpic"},{"predicate":{"custom_model_data":28},"model":"modelengine:nocsy_greentroll/rightpics1"},{"predicate":{"custom_model_data":29},"model":"modelengine:nocsy_greentroll/subsubrightpic2"},{"predicate":{"custom_model_data":30},"model":"modelengine:nocsy_greentroll/subrightpic2"},{"predicate":{"custom_model_data":31},"model":"modelengine:nocsy_greentroll/rightpics2"},{"predicate":{"custom_model_data":32},"model":"modelengine:nocsy_greentroll/subsubrightpic3"},{"predicate":{"custom_model_data":33},"model":"modelengine:nocsy_greentroll/subrightpic3"},{"predicate":{"custom_model_data":34},"model":"modelengine:nocsy_greentroll/rightpics3"},{"predicate":{"custom_model_data":35},"model":"modelengine:nocsy_greentroll/gourdintail"},{"predicate":{"custom_model_data":36},"model":"modelengine:nocsy_greentroll/gourdinpic13"},{"predicate":{"custom_model_data":37},"model":"modelengine:nocsy_greentroll/gourdinpic12"},{"predicate":{"custom_model_data":38},"model":"modelengine:nocsy_greentroll/gourdinpic1"},{"predicate":{"custom_model_data":39},"model":"modelengine:nocsy_greentroll/gourdinpic22"},{"predicate":{"custom_model_data":40},"model":"modelengine:nocsy_greentroll/gourdinpic21"},{"predicate":{"custom_model_data":41},"model":"modelengine:nocsy_greentroll/gourdinpic2"},{"predicate":{"custom_model_data":42},"model":"modelengine:nocsy_greentroll/gourdinpic32"},{"predicate":{"custom_model_data":43},"model":"modelengine:nocsy_greentroll/gourdinpic31"},{"predicate":{"custom_model_data":44},"model":"modelengine:nocsy_greentroll/gourdinpic3"},{"predicate":{"custom_model_data":45},"model":"modelengine:nocsy_greentroll/headpiccube"},{"predicate":{"custom_model_data":46},"model":"modelengine:nocsy_greentroll/manche4cube"},{"predicate":{"custom_model_data":47},"model":"modelengine:nocsy_greentroll/manche3cube"},{"predicate":{"custom_model_data":48},"model":"modelengine:nocsy_greentroll/manche2cube"},{"predicate":{"custom_model_data":49},"model":"modelengine:nocsy_greentroll/manchecube"},{"predicate":{"custom_model_data":50},"model":"modelengine:nocsy_greentroll/gourdin"},{"predicate":{"custom_model_data":51},"model":"modelengine:nocsy_greentroll/rightforearm"},{"predicate":{"custom_model_data":52},"model":"modelengine:nocsy_greentroll/rightshoulder"},{"predicate":{"custom_model_data":53},"model":"modelengine:nocsy_greentroll/rightshoulderprotection"},{"predicate":{"custom_model_data":54},"model":"modelengine:nocsy_greentroll/leftshoulderskull"},{"predicate":{"custom_model_data":55},"model":"modelengine:nocsy_greentroll/leftforearm"},{"predicate":{"custom_model_data":56},"model":"modelengine:nocsy_greentroll/leftshoulder"},{"predicate":{"custom_model_data":57},"model":"modelengine:nocsy_greentroll/leftshoulderprotection"},{"predicate":{"custom_model_data":58},"model":"modelengine:nocsy_greentroll/body"},{"predicate":{"custom_model_data":59},"model":"modelengine:nocsy_redtroll/jupefront"},{"predicate":{"custom_model_data":60},"model":"modelengine:nocsy_redtroll/jupeback"},{"predicate":{"custom_model_data":61},"model":"modelengine:nocsy_redtroll/righteyebrow"},{"predicate":{"custom_model_data":62},"model":"modelengine:nocsy_redtroll/lefteyebrow"},{"predicate":{"custom_model_data":63},"model":"modelengine:nocsy_redtroll/endtail2"},{"predicate":{"custom_model_data":64},"model":"modelengine:nocsy_redtroll/endtail"},{"predicate":{"custom_model_data":65},"model":"modelengine:nocsy_redtroll/horns"},{"predicate":{"custom_model_data":66},"model":"modelengine:nocsy_redtroll/horns2"},{"predicate":{"custom_model_data":67},"model":"modelengine:nocsy_redtroll/head"},{"predicate":{"custom_model_data":68},"model":"modelengine:nocsy_redtroll/rightfoot"},{"predicate":{"custom_model_data":69},"model":"modelengine:nocsy_redtroll/rightcap"},{"predicate":{"custom_model_data":70},"model":"modelengine:nocsy_redtroll/rightupperleg"},{"predicate":{"custom_model_data":71},"model":"modelengine:nocsy_redtroll/leftfoot"},{"predicate":{"custom_model_data":72},"model":"modelengine:nocsy_redtroll/leftcap"},{"predicate":{"custom_model_data":73},"model":"modelengine:nocsy_redtroll/leftupperleg"},{"predicate":{"custom_model_data":74},"model":"modelengine:nocsy_redtroll/axe"},{"predicate":{"custom_model_data":75},"model":"modelengine:nocsy_redtroll/rightforearm"},{"predicate":{"custom_model_data":76},"model":"modelengine:nocsy_redtroll/rightupperarm"},{"predicate":{"custom_model_data":77},"model":"modelengine:nocsy_redtroll/rightshoulderprotection"},{"predicate":{"custom_model_data":78},"model":"modelengine:nocsy_redtroll/leftforearm"},{"predicate":{"custom_model_data":79},"model":"modelengine:nocsy_redtroll/leftupperarm"},{"predicate":{"custom_model_data":80},"model":"modelengine:nocsy_redtroll/leftshoulderprotection"},{"predicate":{"custom_model_data":81},"model":"modelengine:nocsy_redtroll/body"},{"predicate":{"custom_model_data":82},"model":"modelengine:nocsy_skeleton_archer/hat"},{"predicate":{"custom_model_data":83},"model":"modelengine:nocsy_skeleton_archer/jaw"},{"predicate":{"custom_model_data":84},"model":"modelengine:nocsy_skeleton_archer/head"},{"predicate":{"custom_model_data":85},"model":"modelengine:nocsy_skeleton_archer/left_tibia"},{"predicate":{"custom_model_data":86},"model":"modelengine:nocsy_skeleton_archer/left_femur"},{"predicate":{"custom_model_data":87},"model":"modelengine:nocsy_skeleton_archer/right_tibia"},{"predicate":{"custom_model_data":88},"model":"modelengine:nocsy_skeleton_archer/right_femur"},{"predicate":{"custom_model_data":89},"model":"modelengine:nocsy_skeleton_archer/iliac"},{"predicate":{"custom_model_data":90},"model":"modelengine:nocsy_skeleton_archer/left_mid_arm"},{"predicate":{"custom_model_data":91},"model":"modelengine:nocsy_skeleton_archer/left_arm"},{"predicate":{"custom_model_data":92},"model":"modelengine:nocsy_skeleton_archer/bow"},{"predicate":{"custom_model_data":93},"model":"modelengine:nocsy_skeleton_archer/right_mid_arm"},{"predicate":{"custom_model_data":94},"model":"modelengine:nocsy_skeleton_archer/right_arm"},{"predicate":{"custom_model_data":95},"model":"modelengine:nocsy_skeleton_archer/arrow"},{"predicate":{"custom_model_data":96},"model":"modelengine:nocsy_skeleton_archer/body"},{"predicate":{"custom_model_data":97},"model":"modelengine:nocsy_skeleton_brute1/jaw"},{"predicate":{"custom_model_data":98},"model":"modelengine:nocsy_skeleton_brute1/head"},{"predicate":{"custom_model_data":99},"model":"modelengine:nocsy_skeleton_brute1/left_tibia"},{"predicate":{"custom_model_data":100},"model":"modelengine:nocsy_skeleton_brute1/left_femur"},{"predicate":{"custom_model_data":101},"model":"modelengine:nocsy_skeleton_brute1/right_foot"},{"predicate":{"custom_model_data":102},"model":"modelengine:nocsy_skeleton_brute1/right_tibia"},{"predicate":{"custom_model_data":103},"model":"modelengine:nocsy_skeleton_brute1/right_femur"},{"predicate":{"custom_model_data":104},"model":"modelengine:nocsy_skeleton_brute1/iliac"},{"predicate":{"custom_model_data":105},"model":"modelengine:nocsy_skeleton_brute1/left_mid_arm"},{"predicate":{"custom_model_data":106},"model":"modelengine:nocsy_skeleton_brute1/left_arm"},{"predicate":{"custom_model_data":107},"model":"modelengine:nocsy_skeleton_brute1/weapon"},{"predicate":{"custom_model_data":108},"model":"modelengine:nocsy_skeleton_brute1/right_mid_arm"},{"predicate":{"custom_model_data":109},"model":"modelengine:nocsy_skeleton_brute1/right_arm"},{"predicate":{"custom_model_data":110},"model":"modelengine:nocsy_skeleton_brute1/pectus"},{"predicate":{"custom_model_data":111},"model":"modelengine:nocsy_skeleton_brute1/body"},{"predicate":{"custom_model_data":112},"model":"modelengine:nocsy_skeleton_brute2/jaw"},{"predicate":{"custom_model_data":113},"model":"modelengine:nocsy_skeleton_brute2/head"},{"predicate":{"custom_model_data":114},"model":"modelengine:nocsy_skeleton_brute2/right_foot"},{"predicate":{"custom_model_data":115},"model":"modelengine:nocsy_skeleton_brute2/right_tibia"},{"predicate":{"custom_model_data":116},"model":"modelengine:nocsy_skeleton_brute2/right_femur"},{"predicate":{"custom_model_data":117},"model":"modelengine:nocsy_skeleton_brute2/left_foot"},{"predicate":{"custom_model_data":118},"model":"modelengine:nocsy_skeleton_brute2/left_tibia"},{"predicate":{"custom_model_data":119},"model":"modelengine:nocsy_skeleton_brute2/left_femur"},{"predicate":{"custom_model_data":120},"model":"modelengine:nocsy_skeleton_brute2/iliac"},{"predicate":{"custom_model_data":121},"model":"modelengine:nocsy_skeleton_brute2/left_mid_arm"},{"predicate":{"custom_model_data":122},"model":"modelengine:nocsy_skeleton_brute2/left_arm"},{"predicate":{"custom_model_data":123},"model":"modelengine:nocsy_skeleton_brute2/sword"},{"predicate":{"custom_model_data":124},"model":"modelengine:nocsy_skeleton_brute2/right_mid_arm"},{"predicate":{"custom_model_data":125},"model":"modelengine:nocsy_skeleton_brute2/right_arm"},{"predicate":{"custom_model_data":126},"model":"modelengine:nocsy_skeleton_brute2/pectus"},{"predicate":{"custom_model_data":127},"model":"modelengine:nocsy_skeleton_brute2/body"},{"predicate":{"custom_model_data":128},"model":"modelengine:nocsy_skeleton_necromancer/jaw"},{"predicate":{"custom_model_data":129},"model":"modelengine:nocsy_skeleton_necromancer/head"},{"predicate":{"custom_model_data":130},"model":"modelengine:nocsy_skeleton_necromancer/right_drap"},{"predicate":{"custom_model_data":131},"model":"modelengine:nocsy_skeleton_necromancer/left_drap"},{"predicate":{"custom_model_data":132},"model":"modelengine:nocsy_skeleton_necromancer/back_drap"},{"predicate":{"custom_model_data":133},"model":"modelengine:nocsy_skeleton_necromancer/front_drap"},{"predicate":{"custom_model_data":134},"model":"modelengine:nocsy_skeleton_necromancer/iliac"},{"predicate":{"custom_model_data":135},"model":"modelengine:nocsy_skeleton_necromancer/lantern"},{"predicate":{"custom_model_data":136},"model":"modelengine:nocsy_skeleton_necromancer/head_chain"},{"predicate":{"custom_model_data":137},"model":"modelengine:nocsy_skeleton_necromancer/left_mid_arm"},{"predicate":{"custom_model_data":138},"model":"modelengine:nocsy_skeleton_necromancer/left_arm"},{"predicate":{"custom_model_data":139},"model":"modelengine:nocsy_skeleton_necromancer/right_mid_arm"},{"predicate":{"custom_model_data":140},"model":"modelengine:nocsy_skeleton_necromancer/right_arm"},{"predicate":{"custom_model_data":141},"model":"modelengine:nocsy_skeleton_necromancer/pectus"},{"predicate":{"custom_model_data":142},"model":"modelengine:nocsy_skeleton_necromancer/right_manche"},{"predicate":{"custom_model_data":143},"model":"modelengine:nocsy_skeleton_necromancer/left_manche"},{"predicate":{"custom_model_data":144},"model":"modelengine:nocsy_skeleton_necromancer/body"},{"predicate":{"custom_model_data":145},"model":"modelengine:nocsy_skeleton_skull/wheel"},{"predicate":{"custom_model_data":146},"model":"modelengine:nocsy_skeleton_skull/jaw"},{"predicate":{"custom_model_data":147},"model":"modelengine:nocsy_skeleton_skull/head"},{"predicate":{"custom_model_data":148},"model":"modelengine:nocsy_skeleton_warrior/jaw"},{"predicate":{"custom_model_data":149},"model":"modelengine:nocsy_skeleton_warrior/head"},{"predicate":{"custom_model_data":150},"model":"modelengine:nocsy_skeleton_warrior/left_tibia"},{"predicate":{"custom_model_data":151},"model":"modelengine:nocsy_skeleton_warrior/left_femur"},{"predicate":{"custom_model_data":152},"model":"modelengine:nocsy_skeleton_warrior/right_tibia"},{"predicate":{"custom_model_data":153},"model":"modelengine:nocsy_skeleton_warrior/right_femur"},{"predicate":{"custom_model_data":154},"model":"modelengine:nocsy_skeleton_warrior/iliac"},{"predicate":{"custom_model_data":155},"model":"modelengine:nocsy_skeleton_warrior/shield"},{"predicate":{"custom_model_data":156},"model":"modelengine:nocsy_skeleton_warrior/left_mid_arm"},{"predicate":{"custom_model_data":157},"model":"modelengine:nocsy_skeleton_warrior/left_arm"},{"predicate":{"custom_model_data":158},"model":"modelengine:nocsy_skeleton_warrior/right_mid_arm"},{"predicate":{"custom_model_data":159},"model":"modelengine:nocsy_skeleton_warrior/right_arm"},{"predicate":{"custom_model_data":160},"model":"modelengine:nocsy_skeleton_warrior/body"}]}