{
	"__comment": "Designed by Pashjn with Cubik Studio - https://cubik.studio",
	"textures": {
		"particle": "item/custom/cui/netherite_sword/texture_111",
		"texture": "item/custom/cui/netherite_sword/texture_111",
		"voxels_atlas": "item/custom/cui/netherite_sword/texture_111"
	},
	"elements": [ 	 
		{
			"__comment": "Voxels",
			"from": [ -11.5, 7.5, 7.5 ],
			"to": [ -7.5, 10, 9 ],
			"faces": {
				"down": { "uv": [ 5.625, 12, 6.625, 12.375 ], "texture": "#voxels_atlas" },
				"up": { "uv": [ 6.625, 12.375, 7.625, 12 ], "texture": "#voxels_atlas" },
				"north": { "uv": [ 3.875, 9.875, 2.875, 10.5 ], "texture": "#voxels_atlas" },
				"south": { "uv": [ 2.875, 10.5, 3.875, 11.125 ], "texture": "#voxels_atlas" },
				"west": { "uv": [ 8, 12.375, 8.375, 13 ], "texture": "#voxels_atlas" },
				"east": { "uv": [ 8.375, 11.75, 8, 12.375 ], "texture": "#voxels_atlas" }
			}
		},
		{
			"__comment": "Voxels",
			"from": [ -11.5, 8, 7 ],
			"to": [ -7.5, 9.5, 7.5 ],
			"faces": {
				"down": { "uv": [ 6.5, 10, 7.5, 10.125 ], "texture": "#voxels_atlas" },
				"up": { "uv": [ 6.5, 10.25, 7.5, 10.125 ], "texture": "#voxels_atlas" },
				"north": { "uv": [ 7.875, 11.375, 6.875, 11.75 ], "texture": "#voxels_atlas" },
				"south": { "uv": [ 3.875, 11.375, 4.875, 11.75 ], "texture": "#voxels_atlas" },
				"west": { "uv": [ 10.625, 11.625, 10.75, 12 ], "texture": "#voxels_atlas" },
				"east": { "uv": [ 10.75, 11.25, 10.625, 11.625 ], "texture": "#voxels_atlas" }
			}
		},
		{
			"__comment": "Voxels",
			"from": [ -11.5, 8, 9 ],
			"to": [ -7.5, 9.5, 9.5 ],
			"faces": {
				"down": { "uv": [ 6.5, 10.25, 7.5, 10.375 ], "texture": "#voxels_atlas" },
				"up": { "uv": [ 6.625, 11.875, 7.625, 11.75 ], "texture": "#voxels_atlas" },
				"north": { "uv": [ 5.875, 11.375, 4.875, 11.75 ], "texture": "#voxels_atlas" },
				"south": { "uv": [ 5.875, 11.375, 6.875, 11.75 ], "texture": "#voxels_atlas" },
				"west": { "uv": [ 10.625, 10.875, 10.75, 11.25 ], "texture": "#voxels_atlas" },
				"east": { "uv": [ 10.75, 10.5, 10.625, 10.875 ], "texture": "#voxels_atlas" }
			}
		},
		{
			"__comment": "Voxels",
			"from": [ -11, 7, 7.5 ],
			"to": [ -10.5, 7.5, 9 ],
			"faces": {
				"down": { "uv": [ 10.625, 10.125, 10.75, 10.5 ], "texture": "#voxels_atlas" },
				"up": { "uv": [ 10.625, 10.125, 10.75, 9.75 ], "texture": "#voxels_atlas" },
				"north": { "uv": [ 11.375, 8.5, 11.25, 8.625 ], "texture": "#voxels_atlas" },
				"south": { "uv": [ 11.25, 8.625, 11.375, 8.75 ], "texture": "#voxels_atlas" },
				"west": { "uv": [ 10.75, 13, 11.125, 13.125 ], "texture": "#voxels_atlas" },
				"east": { "uv": [ 11.5, 13, 11.125, 13.125 ], "texture": "#voxels_atlas" }
			}
		},
		{
			"__comment": "Voxels",
			"from": [ -11, 7.5, 7 ],
			"to": [ -8, 8, 7.5 ],
			"faces": {
				"down": { "uv": [ 15.25, 14.875, 16, 15 ], "texture": "#voxels_atlas" },
				"up": { "uv": [ 13, 14, 13.75, 13.875 ], "texture": "#voxels_atlas" },
				"north": { "uv": [ 14.5, 13.875, 13.75, 14 ], "texture": "#voxels_atlas" },
				"south": { "uv": [ 14.5, 13.875, 15.25, 14 ], "texture": "#voxels_atlas" },
				"west": { "uv": [ 11.25, 8.75, 11.375, 8.875 ], "texture": "#voxels_atlas" },
				"east": { "uv": [ 11.375, 9.125, 11.25, 9.25 ], "texture": "#voxels_atlas" }
			}
		},
		{
			"__comment": "Voxels",
			"from": [ -11, 7.5, 9 ],
			"to": [ -8, 8, 9.5 ],
			"faces": {
				"down": { "uv": [ 15.25, 13.875, 16, 14 ], "texture": "#voxels_atlas" },
				"up": { "uv": [ 9.5, 13.875, 10.25, 13.75 ], "texture": "#voxels_atlas" },
				"north": { "uv": [ 11, 13.75, 10.25, 13.875 ], "texture": "#voxels_atlas" },
				"south": { "uv": [ 11, 13.75, 11.75, 13.875 ], "texture": "#voxels_atlas" },
				"west": { "uv": [ 11.25, 9.25, 11.375, 9.375 ], "texture": "#voxels_atlas" },
				"east": { "uv": [ 11.375, 9.375, 11.25, 9.5 ], "texture": "#voxels_atlas" }
			}
		},
		{
			"__comment": "Voxels",
			"from": [ -11, 8, 6.5 ],
			"to": [ -10.5, 9.5, 7 ],
			"faces": {
				"down": { "uv": [ 11.25, 9.5, 11.375, 9.625 ], "texture": "#voxels_atlas" },
				"up": { "uv": [ 11.125, 8.125, 11.25, 8 ], "texture": "#voxels_atlas" },
				"north": { "uv": [ 10.75, 9.375, 10.625, 9.75 ], "texture": "#voxels_atlas" },
				"south": { "uv": [ 10.625, 9, 10.75, 9.375 ], "texture": "#voxels_atlas" },
				"west": { "uv": [ 10.625, 8.625, 10.75, 9 ], "texture": "#voxels_atlas" },
				"east": { "uv": [ 10.75, 8.25, 10.625, 8.625 ], "texture": "#voxels_atlas" }
			}
		},
		{
			"__comment": "Voxels",
			"from": [ -11, 8, 9.5 ],
			"to": [ -10.5, 9.5, 10 ],
			"faces": {
				"down": { "uv": [ 11.125, 8.125, 11.25, 8.25 ], "texture": "#voxels_atlas" },
				"up": { "uv": [ 11.125, 8.625, 11.25, 8.5 ], "texture": "#voxels_atlas" },
				"north": { "uv": [ 10.875, 12.625, 10.75, 13 ], "texture": "#voxels_atlas" },
				"south": { "uv": [ 10.75, 12.25, 10.875, 12.625 ], "texture": "#voxels_atlas" },
				"west": { "uv": [ 10.75, 11.875, 10.875, 12.25 ], "texture": "#voxels_atlas" },
				"east": { "uv": [ 10.875, 11.5, 10.75, 11.875 ], "texture": "#voxels_atlas" }
			}
		},
		{
			"__comment": "Voxels",
			"from": [ -11, 9.5, 7 ],
			"to": [ -8, 10, 7.5 ],
			"faces": {
				"down": { "uv": [ 11.75, 13.75, 12.5, 13.875 ], "texture": "#voxels_atlas" },
				"up": { "uv": [ 12.5, 13.875, 13.25, 13.75 ], "texture": "#voxels_atlas" },
				"north": { "uv": [ 14, 13.75, 13.25, 13.875 ], "texture": "#voxels_atlas" },
				"south": { "uv": [ 14, 13.75, 14.75, 13.875 ], "texture": "#voxels_atlas" },
				"west": { "uv": [ 11.125, 8.875, 11.25, 9 ], "texture": "#voxels_atlas" },
				"east": { "uv": [ 11.25, 9.125, 11.125, 9.25 ], "texture": "#voxels_atlas" }
			}
		},
		{
			"__comment": "Voxels",
			"from": [ -11, 9.5, 9 ],
			"to": [ -8, 10, 9.5 ],
			"faces": {
				"down": { "uv": [ 14.75, 13.75, 15.5, 13.875 ], "texture": "#voxels_atlas" },
				"up": { "uv": [ 9.5, 13.75, 10.25, 13.625 ], "texture": "#voxels_atlas" },
				"north": { "uv": [ 10.25, 13.5, 9.5, 13.625 ], "texture": "#voxels_atlas" },
				"south": { "uv": [ 9.5, 13.375, 10.25, 13.5 ], "texture": "#voxels_atlas" },
				"west": { "uv": [ 11.125, 9.25, 11.25, 9.375 ], "texture": "#voxels_atlas" },
				"east": { "uv": [ 11.25, 9.375, 11.125, 9.5 ], "texture": "#voxels_atlas" }
			}
		},
		{
			"__comment": "Voxels",
			"from": [ -11, 10, 7.5 ],
			"to": [ -10, 10.5, 9 ],
			"faces": {
				"down": { "uv": [ 2.625, 9.125, 2.875, 9.5 ], "texture": "#voxels_atlas" },
				"up": { "uv": [ 2.625, 9.125, 2.875, 8.75 ], "texture": "#voxels_atlas" },
				"north": { "uv": [ 16, 14.75, 15.75, 14.875 ], "texture": "#voxels_atlas" },
				"south": { "uv": [ 11.25, 12.625, 11.5, 12.75 ], "texture": "#voxels_atlas" },
				"west": { "uv": [ 11.5, 13, 11.875, 13.125 ], "texture": "#voxels_atlas" },
				"east": { "uv": [ 12.25, 13, 11.875, 13.125 ], "texture": "#voxels_atlas" }
			}
		},
		{
			"__comment": "Voxels",
			"from": [ -10.5, 7, 7 ],
			"to": [ -9, 7.5, 7.5 ],
			"faces": {
				"down": { "uv": [ 12.25, 13, 12.625, 13.125 ], "texture": "#voxels_atlas" },
				"up": { "uv": [ 12.625, 13.125, 13, 13 ], "texture": "#voxels_atlas" },
				"north": { "uv": [ 13.375, 13, 13, 13.125 ], "texture": "#voxels_atlas" },
				"south": { "uv": [ 14.875, 13, 15.25, 13.125 ], "texture": "#voxels_atlas" },
				"west": { "uv": [ 11.125, 9.75, 11.25, 9.875 ], "texture": "#voxels_atlas" },
				"east": { "uv": [ 10.25, 9.125, 10.125, 9.25 ], "texture": "#voxels_atlas" }
			}
		},
		{
			"__comment": "Voxels",
			"from": [ -10.5, 7, 8 ],
			"to": [ -8.5, 7.5, 8.5 ],
			"faces": {
				"down": { "uv": [ 15.5, 13.75, 16, 13.875 ], "texture": "#voxels_atlas" },
				"up": { "uv": [ 9, 8.125, 9.5, 8 ], "texture": "#voxels_atlas" },
				"north": { "uv": [ 9.5, 8.125, 9, 8.25 ], "texture": "#voxels_atlas" },
				"south": { "uv": [ 9, 8.25, 9.5, 8.375 ], "texture": "#voxels_atlas" },
				"west": { "uv": [ 10.125, 9.25, 10.25, 9.375 ], "texture": "#voxels_atlas" },
				"east": { "uv": [ 10.25, 10.25, 10.125, 10.375 ], "texture": "#voxels_atlas" }
			}
		},
		{
			"__comment": "Voxels",
			"from": [ -10.5, 7, 9 ],
			"to": [ -9, 7.5, 9.5 ],
			"faces": {
				"down": { "uv": [ 15.25, 13, 15.625, 13.125 ], "texture": "#voxels_atlas" },
				"up": { "uv": [ 15.625, 13.125, 16, 13 ], "texture": "#voxels_atlas" },
				"north": { "uv": [ 11.25, 12.875, 10.875, 13 ], "texture": "#voxels_atlas" },
				"south": { "uv": [ 11.25, 12.875, 11.625, 13 ], "texture": "#voxels_atlas" },
				"west": { "uv": [ 10.125, 10.375, 10.25, 10.5 ], "texture": "#voxels_atlas" },
				"east": { "uv": [ 10.25, 10.5, 10.125, 10.625 ], "texture": "#voxels_atlas" }
			}
		},
		{
			"__comment": "Voxels",
			"from": [ -10.5, 7.5, 6.5 ],
			"to": [ -9, 8, 7 ],
			"faces": {
				"down": { "uv": [ 11.625, 12.875, 12, 13 ], "texture": "#voxels_atlas" },
				"up": { "uv": [ 12, 13, 12.375, 12.875 ], "texture": "#voxels_atlas" },
				"north": { "uv": [ 12.75, 12.875, 12.375, 13 ], "texture": "#voxels_atlas" },
				"south": { "uv": [ 12.75, 12.875, 13.125, 13 ], "texture": "#voxels_atlas" },
				"west": { "uv": [ 10.125, 10.625, 10.25, 10.75 ], "texture": "#voxels_atlas" },
				"east": { "uv": [ 10.25, 11.75, 10.125, 11.875 ], "texture": "#voxels_atlas" }
			}
		},
		{
			"__comment": "Voxels",
			"from": [ -10.5, 7.5, 9.5 ],
			"to": [ -9, 8, 10 ],
			"faces": {
				"down": { "uv": [ 13.125, 12.875, 13.5, 13 ], "texture": "#voxels_atlas" },
				"up": { "uv": [ 13.5, 13, 13.875, 12.875 ], "texture": "#voxels_atlas" },
				"north": { "uv": [ 14.25, 12.875, 13.875, 13 ], "texture": "#voxels_atlas" },
				"south": { "uv": [ 14.25, 12.875, 14.625, 13 ], "texture": "#voxels_atlas" },
				"west": { "uv": [ 10.125, 11.875, 10.25, 12 ], "texture": "#voxels_atlas" },
				"east": { "uv": [ 10.25, 12, 10.125, 12.125 ], "texture": "#voxels_atlas" }
			}
		},
		{
			"__comment": "Voxels",
			"from": [ -10.5, 8.5, 6.5 ],
			"to": [ -8.5, 9, 7 ],
			"faces": {
				"down": { "uv": [ 15.5, 14.25, 16, 14.375 ], "texture": "#voxels_atlas" },
				"up": { "uv": [ 15.5, 15.25, 16, 15.125 ], "texture": "#voxels_atlas" },
				"north": { "uv": [ 16, 15.25, 15.5, 15.375 ], "texture": "#voxels_atlas" },
				"south": { "uv": [ 15.5, 15.375, 16, 15.5 ], "texture": "#voxels_atlas" },
				"west": { "uv": [ 10.125, 12.125, 10.25, 12.25 ], "texture": "#voxels_atlas" },
				"east": { "uv": [ 8, 10.75, 7.875, 10.875 ], "texture": "#voxels_atlas" }
			}
		},
		{
			"__comment": "Voxels",
			"from": [ -10.5, 8.5, 9.5 ],
			"to": [ -8.5, 9, 10 ],
			"faces": {
				"down": { "uv": [ 7.5, 9.875, 8, 10 ], "texture": "#voxels_atlas" },
				"up": { "uv": [ 7.5, 10.125, 8, 10 ], "texture": "#voxels_atlas" },
				"north": { "uv": [ 8, 10.125, 7.5, 10.25 ], "texture": "#voxels_atlas" },
				"south": { "uv": [ 12.25, 13.5, 12.75, 13.625 ], "texture": "#voxels_atlas" },
				"west": { "uv": [ 7.875, 10.875, 8, 11 ], "texture": "#voxels_atlas" },
				"east": { "uv": [ 8, 11, 7.875, 11.125 ], "texture": "#voxels_atlas" }
			}
		},
		{
			"__comment": "Voxels",
			"from": [ -10.5, 9.5, 6.5 ],
			"to": [ -9, 10, 7 ],
			"faces": {
				"down": { "uv": [ 14.625, 12.875, 15, 13 ], "texture": "#voxels_atlas" },
				"up": { "uv": [ 15, 13, 15.375, 12.875 ], "texture": "#voxels_atlas" },
				"north": { "uv": [ 15.75, 12.875, 15.375, 13 ], "texture": "#voxels_atlas" },
				"south": { "uv": [ 10.875, 12.25, 11.25, 12.375 ], "texture": "#voxels_atlas" },
				"west": { "uv": [ 7.875, 11.125, 8, 11.25 ], "texture": "#voxels_atlas" },
				"east": { "uv": [ 14.125, 12.5, 14, 12.625 ], "texture": "#voxels_atlas" }
			}
		},
		{
			"__comment": "Voxels",
			"from": [ -10.5, 9.5, 9.5 ],
			"to": [ -9, 10, 10 ],
			"faces": {
				"down": { "uv": [ 10.875, 12.125, 11.25, 12.25 ], "texture": "#voxels_atlas" },
				"up": { "uv": [ 10.875, 12.125, 11.25, 12 ], "texture": "#voxels_atlas" },
				"north": { "uv": [ 11.25, 11.875, 10.875, 12 ], "texture": "#voxels_atlas" },
				"south": { "uv": [ 10.875, 11.75, 11.25, 11.875 ], "texture": "#voxels_atlas" },
				"west": { "uv": [ 12, 12.25, 12.125, 12.375 ], "texture": "#voxels_atlas" },
				"east": { "uv": [ 12, 12.25, 11.875, 12.375 ], "texture": "#voxels_atlas" }
			}
		},
		{
			"__comment": "Voxels",
			"from": [ -10.5, 10, 7 ],
			"to": [ -9, 10.5, 7.5 ],
			"faces": {
				"down": { "uv": [ 10.875, 11.625, 11.25, 11.75 ], "texture": "#voxels_atlas" },
				"up": { "uv": [ 10.875, 11.625, 11.25, 11.5 ], "texture": "#voxels_atlas" },
				"north": { "uv": [ 11.25, 11.375, 10.875, 11.5 ], "texture": "#voxels_atlas" },
				"south": { "uv": [ 10.875, 11.25, 11.25, 11.375 ], "texture": "#voxels_atlas" },
				"west": { "uv": [ 11.5, 8.125, 11.625, 8.25 ], "texture": "#voxels_atlas" },
				"east": { "uv": [ 15, 12.375, 14.875, 12.5 ], "texture": "#voxels_atlas" }
			}
		},
		{
			"__comment": "Voxels",
			"from": [ -10.5, 10, 9 ],
			"to": [ -9, 10.5, 9.5 ],
			"faces": {
				"down": { "uv": [ 10.875, 11.125, 11.25, 11.25 ], "texture": "#voxels_atlas" },
				"up": { "uv": [ 10.875, 11.125, 11.25, 11 ], "texture": "#voxels_atlas" },
				"north": { "uv": [ 11.25, 10.875, 10.875, 11 ], "texture": "#voxels_atlas" },
				"south": { "uv": [ 10.875, 10.75, 11.25, 10.875 ], "texture": "#voxels_atlas" },
				"west": { "uv": [ 14.75, 12.375, 14.875, 12.5 ], "texture": "#voxels_atlas" },
				"east": { "uv": [ 14.75, 12.375, 14.625, 12.5 ], "texture": "#voxels_atlas" }
			}
		},
		{
			"__comment": "Voxels",
			"from": [ -10, 7, 7.5 ],
			"to": [ -8, 7.5, 8 ],
			"faces": {
				"down": { "uv": [ 13.25, 13.5, 13.75, 13.625 ], "texture": "#voxels_atlas" },
				"up": { "uv": [ 12.75, 13.625, 13.25, 13.5 ], "texture": "#voxels_atlas" },
				"north": { "uv": [ 15.25, 13.625, 14.75, 13.75 ], "texture": "#voxels_atlas" },
				"south": { "uv": [ 14.25, 13.625, 14.75, 13.75 ], "texture": "#voxels_atlas" },
				"west": { "uv": [ 14, 12.375, 14.125, 12.5 ], "texture": "#voxels_atlas" },
				"east": { "uv": [ 12.5, 12.375, 12.375, 12.5 ], "texture": "#voxels_atlas" }
			}
		},
		{
			"__comment": "Voxels",
			"from": [ -10, 7, 8.5 ],
			"to": [ -8, 7.5, 9 ],
			"faces": {
				"down": { "uv": [ 10.75, 13.5, 11.25, 13.625 ], "texture": "#voxels_atlas" },
				"up": { "uv": [ 15.25, 13.75, 15.75, 13.625 ], "texture": "#voxels_atlas" },
				"north": { "uv": [ 15.25, 13.5, 14.75, 13.625 ], "texture": "#voxels_atlas" },
				"south": { "uv": [ 14.25, 13.5, 14.75, 13.625 ], "texture": "#voxels_atlas" },
				"west": { "uv": [ 11.875, 12.375, 12, 12.5 ], "texture": "#voxels_atlas" },
				"east": { "uv": [ 11.875, 12.375, 11.75, 12.5 ], "texture": "#voxels_atlas" }
			}
		},
		{
			"__comment": "Voxels",
			"from": [ -10, 8, 6.5 ],
			"to": [ -8, 8.5, 7 ],
			"faces": {
				"down": { "uv": [ 13.75, 13.5, 14.25, 13.625 ], "texture": "#voxels_atlas" },
				"up": { "uv": [ 10.5, 13.5, 11, 13.375 ], "texture": "#voxels_atlas" },
				"north": { "uv": [ 11.5, 13.375, 11, 13.5 ], "texture": "#voxels_atlas" },
				"south": { "uv": [ 10.25, 13.5, 10.75, 13.625 ], "texture": "#voxels_atlas" },
				"west": { "uv": [ 11.625, 12.375, 11.75, 12.5 ], "texture": "#voxels_atlas" },
				"east": { "uv": [ 11.5, 8.25, 11.375, 8.375 ], "texture": "#voxels_atlas" }
			}
		},
		{
			"__comment": "Voxels",
			"from": [ -10, 8, 9.5 ],
			"to": [ -8, 8.5, 10 ],
			"faces": {
				"down": { "uv": [ 13.75, 13.625, 14.25, 13.75 ], "texture": "#voxels_atlas" },
				"up": { "uv": [ 13.25, 13.75, 13.75, 13.625 ], "texture": "#voxels_atlas" },
				"north": { "uv": [ 13.25, 13.625, 12.75, 13.75 ], "texture": "#voxels_atlas" },
				"south": { "uv": [ 11.75, 13.625, 12.25, 13.75 ], "texture": "#voxels_atlas" },
				"west": { "uv": [ 11.375, 8.625, 11.5, 8.75 ], "texture": "#voxels_atlas" },
				"east": { "uv": [ 11.5, 9.125, 11.375, 9.25 ], "texture": "#voxels_atlas" }
			}
		},
		{
			"__comment": "Voxels",
			"from": [ -10, 9, 6.5 ],
			"to": [ -8, 9.5, 7 ],
			"faces": {
				"down": { "uv": [ 11.25, 13.625, 11.75, 13.75 ], "texture": "#voxels_atlas" },
				"up": { "uv": [ 10.75, 13.75, 11.25, 13.625 ], "texture": "#voxels_atlas" },
				"north": { "uv": [ 10.75, 13.625, 10.25, 13.75 ], "texture": "#voxels_atlas" },
				"south": { "uv": [ 9.5, 8.125, 10, 8.25 ], "texture": "#voxels_atlas" },
				"west": { "uv": [ 11.375, 9.25, 11.5, 9.375 ], "texture": "#voxels_atlas" },
				"east": { "uv": [ 11.5, 9.375, 11.375, 9.5 ], "texture": "#voxels_atlas" }
			}
		},
		{
			"__comment": "Voxels",
			"from": [ -10, 9, 9.5 ],
			"to": [ -8, 9.5, 10 ],
			"faces": {
				"down": { "uv": [ 9.5, 8.25, 10, 8.375 ], "texture": "#voxels_atlas" },
				"up": { "uv": [ 9.5, 8.5, 10, 8.375 ], "texture": "#voxels_atlas" },
				"north": { "uv": [ 10.25, 8.625, 9.75, 8.75 ], "texture": "#voxels_atlas" },
				"south": { "uv": [ 9.75, 8.75, 10.25, 8.875 ], "texture": "#voxels_atlas" },
				"west": { "uv": [ 11.375, 9.75, 11.5, 9.875 ], "texture": "#voxels_atlas" },
				"east": { "uv": [ 11.5, 9.875, 11.375, 10 ], "texture": "#voxels_atlas" }
			}
		},
		{
			"__comment": "Voxels",
			"from": [ -10, 10, 8 ],
			"to": [ -8.5, 10.5, 8.5 ],
			"faces": {
				"down": { "uv": [ 10.875, 10.625, 11.25, 10.75 ], "texture": "#voxels_atlas" },
				"up": { "uv": [ 10.875, 10.625, 11.25, 10.5 ], "texture": "#voxels_atlas" },
				"north": { "uv": [ 11.25, 10.375, 10.875, 10.5 ], "texture": "#voxels_atlas" },
				"south": { "uv": [ 10.875, 10.25, 11.25, 10.375 ], "texture": "#voxels_atlas" },
				"west": { "uv": [ 11.375, 10.125, 11.5, 10.25 ], "texture": "#voxels_atlas" },
				"east": { "uv": [ 11.5, 12, 11.375, 12.125 ], "texture": "#voxels_atlas" }
			}
		},
		{
			"__comment": "Voxels",
			"from": [ -9.5, 10, 7.5 ],
			"to": [ -8, 10.5, 8 ],
			"faces": {
				"down": { "uv": [ 10.875, 10.125, 11.25, 10.25 ], "texture": "#voxels_atlas" },
				"up": { "uv": [ 10.875, 10.125, 11.25, 10 ], "texture": "#voxels_atlas" },
				"north": { "uv": [ 11.25, 9.875, 10.875, 10 ], "texture": "#voxels_atlas" },
				"south": { "uv": [ 2.5, 8, 2.875, 8.125 ], "texture": "#voxels_atlas" },
				"west": { "uv": [ 11.375, 12.125, 11.5, 12.25 ], "texture": "#voxels_atlas" },
				"east": { "uv": [ 11.5, 12.25, 11.375, 12.375 ], "texture": "#voxels_atlas" }
			}
		},
		{
			"__comment": "Voxels",
			"from": [ -9.5, 10, 8.5 ],
			"to": [ -8, 10.5, 9 ],
			"faces": {
				"down": { "uv": [ 15.625, 15.875, 16, 16 ], "texture": "#voxels_atlas" },
				"up": { "uv": [ 15.625, 15.875, 16, 15.75 ], "texture": "#voxels_atlas" },
				"north": { "uv": [ 16, 15.625, 15.625, 15.75 ], "texture": "#voxels_atlas" },
				"south": { "uv": [ 15.625, 15.5, 16, 15.625 ], "texture": "#voxels_atlas" },
				"west": { "uv": [ 11.375, 12.375, 11.5, 12.5 ], "texture": "#voxels_atlas" },
				"east": { "uv": [ 13.75, 12.25, 13.625, 12.375 ], "texture": "#voxels_atlas" }
			}
		},
		{
			"__comment": "Voxels",
			"from": [ -7.5, 8, 7.5 ],
			"to": [ 24.5, 9.5, 9 ],
			"faces": {
				"down": { "uv": [ 0, 15.25, 8, 15.625 ], "texture": "#voxels_atlas" },
				"up": { "uv": [ 0, 14.875, 8, 14.5 ], "texture": "#voxels_atlas" },
				"north": { "uv": [ 8, 14.875, 0, 15.25 ], "texture": "#voxels_atlas" },
				"south": { "uv": [ 0, 15.625, 8, 16 ], "texture": "#voxels_atlas" },
				"west": { "uv": [ 8.625, 13.375, 9, 13.75 ], "texture": "#voxels_atlas" },
				"east": { "uv": [ 9, 13.75, 8.625, 14.125 ], "texture": "#voxels_atlas" }
			}
		},
		{
			"__comment": "Voxels",
			"from": [ -2, 8, 4 ],
			"to": [ 2.5, 9.5, 4.5 ],
			"faces": {
				"down": { "uv": [ 6.75, 11.25, 7.875, 11.375 ], "texture": "#voxels_atlas" },
				"up": { "uv": [ 6.75, 11.125, 7.875, 11 ], "texture": "#voxels_atlas" },
				"north": { "uv": [ 7.125, 13.375, 6, 13.75 ], "texture": "#voxels_atlas" },
				"south": { "uv": [ 6, 14.125, 7.125, 14.5 ], "texture": "#voxels_atlas" },
				"west": { "uv": [ 7.875, 11.375, 8, 11.75 ], "texture": "#voxels_atlas" },
				"east": { "uv": [ 5.375, 8, 5.25, 8.375 ], "texture": "#voxels_atlas" }
			}
		},
		{
			"__comment": "Voxels",
			"from": [ -2, 8, 12 ],
			"to": [ 2.5, 9.5, 12.5 ],
			"faces": {
				"down": { "uv": [ 6.75, 11.125, 7.875, 11.25 ], "texture": "#voxels_atlas" },
				"up": { "uv": [ 6.75, 11, 7.875, 10.875 ], "texture": "#voxels_atlas" },
				"north": { "uv": [ 7.125, 13, 6, 13.375 ], "texture": "#voxels_atlas" },
				"south": { "uv": [ 6, 13.75, 7.125, 14.125 ], "texture": "#voxels_atlas" },
				"west": { "uv": [ 5.75, 8, 5.875, 8.375 ], "texture": "#voxels_atlas" },
				"east": { "uv": [ 9, 11, 8.875, 11.375 ], "texture": "#voxels_atlas" }
			}
		},
		{
			"__comment": "Voxels",
			"from": [ -1.5, 7.5, 4 ],
			"to": [ 2, 8, 4.5 ],
			"faces": {
				"down": { "uv": [ 7.125, 14.125, 8, 14.25 ], "texture": "#voxels_atlas" },
				"up": { "uv": [ 12.125, 14, 13, 13.875 ], "texture": "#voxels_atlas" },
				"north": { "uv": [ 14.75, 14, 13.875, 14.125 ], "texture": "#voxels_atlas" },
				"south": { "uv": [ 14.75, 14, 15.625, 14.125 ], "texture": "#voxels_atlas" },
				"west": { "uv": [ 13.5, 12.25, 13.625, 12.375 ], "texture": "#voxels_atlas" },
				"east": { "uv": [ 13.5, 12.25, 13.375, 12.375 ], "texture": "#voxels_atlas" }
			}
		},
		{
			"__comment": "Voxels",
			"from": [ -1.5, 7.5, 12 ],
			"to": [ 2, 8, 12.5 ],
			"faces": {
				"down": { "uv": [ 9.5, 13.875, 10.375, 14 ], "texture": "#voxels_atlas" },
				"up": { "uv": [ 10.375, 14, 11.25, 13.875 ], "texture": "#voxels_atlas" },
				"north": { "uv": [ 13.625, 14.125, 12.75, 14.25 ], "texture": "#voxels_atlas" },
				"south": { "uv": [ 11.25, 13.875, 12.125, 14 ], "texture": "#voxels_atlas" },
				"west": { "uv": [ 13.25, 12.25, 13.375, 12.375 ], "texture": "#voxels_atlas" },
				"east": { "uv": [ 12.75, 12.25, 12.625, 12.375 ], "texture": "#voxels_atlas" }
			}
		},
		{
			"__comment": "Voxels",
			"from": [ -1.5, 9.5, 4 ],
			"to": [ 2, 10, 4.5 ],
			"faces": {
				"down": { "uv": [ 11.25, 14, 12.125, 14.125 ], "texture": "#voxels_atlas" },
				"up": { "uv": [ 10.375, 14.125, 11.25, 14 ], "texture": "#voxels_atlas" },
				"north": { "uv": [ 13.875, 14, 13, 14.125 ], "texture": "#voxels_atlas" },
				"south": { "uv": [ 7.125, 13.75, 8, 13.875 ], "texture": "#voxels_atlas" },
				"west": { "uv": [ 12.5, 12.25, 12.625, 12.375 ], "texture": "#voxels_atlas" },
				"east": { "uv": [ 11.75, 12.25, 11.625, 12.375 ], "texture": "#voxels_atlas" }
			}
		},
		{
			"__comment": "Voxels",
			"from": [ -1.5, 9.5, 12 ],
			"to": [ 2, 10, 12.5 ],
			"faces": {
				"down": { "uv": [ 11, 14.125, 11.875, 14.25 ], "texture": "#voxels_atlas" },
				"up": { "uv": [ 11.875, 14.25, 12.75, 14.125 ], "texture": "#voxels_atlas" },
				"north": { "uv": [ 14.5, 14.125, 13.625, 14.25 ], "texture": "#voxels_atlas" },
				"south": { "uv": [ 14.5, 14.125, 15.375, 14.25 ], "texture": "#voxels_atlas" },
				"west": { "uv": [ 11.5, 8, 11.625, 8.125 ], "texture": "#voxels_atlas" },
				"east": { "uv": [ 11.625, 8.875, 11.5, 9 ], "texture": "#voxels_atlas" }
			}
		},
		{
			"__comment": "Voxels",
			"from": [ -1, 7.5, 3 ],
			"to": [ 4, 10, 3.5 ],
			"faces": {
				"down": { "uv": [ 1.25, 8, 2.5, 8.125 ], "texture": "#voxels_atlas" },
				"up": { "uv": [ 0, 8.125, 1.25, 8 ], "texture": "#voxels_atlas" },
				"north": { "uv": [ 1.25, 8.125, 0, 8.75 ], "texture": "#voxels_atlas" },
				"south": { "uv": [ 1.25, 8.125, 2.5, 8.75 ], "texture": "#voxels_atlas" },
				"west": { "uv": [ 9.25, 12.125, 9.375, 12.75 ], "texture": "#voxels_atlas" },
				"east": { "uv": [ 9.5, 12.125, 9.375, 12.75 ], "texture": "#voxels_atlas" }
			}
		},
		{
			"__comment": "Voxels",
			"from": [ -1, 7.5, 3.5 ],
			"to": [ 2.5, 10, 4 ],
			"faces": {
				"down": { "uv": [ 9.5, 14, 10.375, 14.125 ], "texture": "#voxels_atlas" },
				"up": { "uv": [ 12.125, 14.125, 13, 14 ], "texture": "#voxels_atlas" },
				"north": { "uv": [ 3.75, 8, 2.875, 8.625 ], "texture": "#voxels_atlas" },
				"south": { "uv": [ 2.875, 8.625, 3.75, 9.25 ], "texture": "#voxels_atlas" },
				"west": { "uv": [ 9.125, 10.875, 9.25, 11.5 ], "texture": "#voxels_atlas" },
				"east": { "uv": [ 9.375, 10.875, 9.25, 11.5 ], "texture": "#voxels_atlas" }
			}
		},
		{
			"__comment": "Voxels",
			"from": [ -1, 7.5, 12.5 ],
			"to": [ 2.5, 10, 13.5 ],
			"faces": {
				"down": { "uv": [ 7.125, 14.25, 8, 14.5 ], "texture": "#voxels_atlas" },
				"up": { "uv": [ 7.125, 14.125, 8, 13.875 ], "texture": "#voxels_atlas" },
				"north": { "uv": [ 4.75, 11.75, 3.875, 12.375 ], "texture": "#voxels_atlas" },
				"south": { "uv": [ 4.75, 11.75, 5.625, 12.375 ], "texture": "#voxels_atlas" },
				"west": { "uv": [ 8.375, 12.875, 8.625, 13.5 ], "texture": "#voxels_atlas" },
				"east": { "uv": [ 8.625, 13.5, 8.375, 14.125 ], "texture": "#voxels_atlas" }
			}
		},
		{
			"__comment": "Voxels",
			"from": [ -0.5, 7.5, 2.5 ],
			"to": [ 5, 10, 3 ],
			"faces": {
				"down": { "uv": [ 6.5, 10.75, 7.875, 10.875 ], "texture": "#voxels_atlas" },
				"up": { "uv": [ 6.5, 10.75, 7.875, 10.625 ], "texture": "#voxels_atlas" },
				"north": { "uv": [ 1.375, 10.25, 0, 10.875 ], "texture": "#voxels_atlas" },
				"south": { "uv": [ 1.375, 10.25, 2.75, 10.875 ], "texture": "#voxels_atlas" },
				"west": { "uv": [ 9.375, 8.375, 9.5, 9 ], "texture": "#voxels_atlas" },
				"east": { "uv": [ 9.625, 9.5, 9.5, 10.125 ], "texture": "#voxels_atlas" }
			}
		},
		{
			"__comment": "Voxels",
			"from": [ -0.5, 7.5, 4.5 ],
			"to": [ 1.5, 10, 5 ],
			"faces": {
				"down": { "uv": [ 9.75, 8.875, 10.25, 9 ], "texture": "#voxels_atlas" },
				"up": { "uv": [ 7.5, 10.375, 8, 10.25 ], "texture": "#voxels_atlas" },
				"north": { "uv": [ 4.375, 9.25, 3.875, 9.875 ], "texture": "#voxels_atlas" },
				"south": { "uv": [ 3.875, 8.625, 4.375, 9.25 ], "texture": "#voxels_atlas" },
				"west": { "uv": [ 7.875, 12.375, 8, 13 ], "texture": "#voxels_atlas" },
				"east": { "uv": [ 3.875, 8.625, 3.75, 9.25 ], "texture": "#voxels_atlas" }
			}
		},
		{
			"__comment": "Voxels",
			"from": [ -0.5, 7.5, 7.5 ],
			"to": [ 11, 8, 9 ],
			"faces": {
				"down": { "uv": [ 0, 12.25, 2.875, 12.625 ], "texture": "#voxels_atlas" },
				"up": { "uv": [ 0, 13, 2.875, 12.625 ], "texture": "#voxels_atlas" },
				"north": { "uv": [ 6.75, 11, 3.875, 11.125 ], "texture": "#voxels_atlas" },
				"south": { "uv": [ 3.875, 10.875, 6.75, 11 ], "texture": "#voxels_atlas" },
				"west": { "uv": [ 8, 8, 8.375, 8.125 ], "texture": "#voxels_atlas" },
				"east": { "uv": [ 16, 14, 15.625, 14.125 ], "texture": "#voxels_atlas" }
			}
		},
		{
			"__comment": "Voxels",
			"from": [ -0.5, 7.5, 11.5 ],
			"to": [ 1.5, 10, 12 ],
			"faces": {
				"down": { "uv": [ 15.5, 15, 16, 15.125 ], "texture": "#voxels_atlas" },
				"up": { "uv": [ 15.5, 14.625, 16, 14.5 ], "texture": "#voxels_atlas" },
				"north": { "uv": [ 4.375, 8, 3.875, 8.625 ], "texture": "#voxels_atlas" },
				"south": { "uv": [ 4.375, 9.25, 4.875, 9.875 ], "texture": "#voxels_atlas" },
				"west": { "uv": [ 9, 11.5, 9.125, 12.125 ], "texture": "#voxels_atlas" },
				"east": { "uv": [ 2.875, 10.875, 2.75, 11.5 ], "texture": "#voxels_atlas" }
			}
		},
		{
			"__comment": "Voxels",
			"from": [ -0.5, 7.5, 13.5 ],
			"to": [ 5, 10, 14 ],
			"faces": {
				"down": { "uv": [ 6.5, 10.5, 7.875, 10.625 ], "texture": "#voxels_atlas" },
				"up": { "uv": [ 6.5, 10.5, 7.875, 10.375 ], "texture": "#voxels_atlas" },
				"north": { "uv": [ 2.75, 10.875, 1.375, 11.5 ], "texture": "#voxels_atlas" },
				"south": { "uv": [ 0, 10.875, 1.375, 11.5 ], "texture": "#voxels_atlas" },
				"west": { "uv": [ 9.375, 11.5, 9.5, 12.125 ], "texture": "#voxels_atlas" },
				"east": { "uv": [ 9.125, 10.875, 9, 11.5 ], "texture": "#voxels_atlas" }
			}
		},
		{
			"__comment": "Voxels",
			"from": [ -0.5, 8, 7 ],
			"to": [ 23.5, 9.5, 7.5 ],
			"faces": {
				"down": { "uv": [ 8, 15.875, 14, 16 ], "texture": "#voxels_atlas" },
				"up": { "uv": [ 8, 15.75, 14, 15.625 ], "texture": "#voxels_atlas" },
				"north": { "uv": [ 6, 14.125, 0, 14.5 ], "texture": "#voxels_atlas" },
				"south": { "uv": [ 0, 13.75, 6, 14.125 ], "texture": "#voxels_atlas" },
				"west": { "uv": [ 8.875, 10.625, 9, 11 ], "texture": "#voxels_atlas" },
				"east": { "uv": [ 9, 10.25, 8.875, 10.625 ], "texture": "#voxels_atlas" }
			}
		},
		{
			"__comment": "Voxels",
			"from": [ -0.5, 8, 9 ],
			"to": [ 23.5, 9.5, 9.5 ],
			"faces": {
				"down": { "uv": [ 8, 15.5, 14, 15.625 ], "texture": "#voxels_atlas" },
				"up": { "uv": [ 8, 15.875, 14, 15.75 ], "texture": "#voxels_atlas" },
				"north": { "uv": [ 6, 13.375, 0, 13.75 ], "texture": "#voxels_atlas" },
				"south": { "uv": [ 0, 13, 6, 13.375 ], "texture": "#voxels_atlas" },
				"west": { "uv": [ 8.875, 9.875, 9, 10.25 ], "texture": "#voxels_atlas" },
				"east": { "uv": [ 9, 9.5, 8.875, 9.875 ], "texture": "#voxels_atlas" }
			}
		},
		{
			"__comment": "Voxels",
			"from": [ -0.5, 8.5, 9.5 ],
			"to": [ 2, 9, 10 ],
			"faces": {
				"down": { "uv": [ 9.5, 11.25, 10.125, 11.375 ], "texture": "#voxels_atlas" },
				"up": { "uv": [ 9.5, 11.25, 10.125, 11.125 ], "texture": "#voxels_atlas" },
				"north": { "uv": [ 10.125, 11, 9.5, 11.125 ], "texture": "#voxels_atlas" },
				"south": { "uv": [ 9.5, 10.875, 10.125, 11 ], "texture": "#voxels_atlas" },
				"west": { "uv": [ 11.5, 9, 11.625, 9.125 ], "texture": "#voxels_atlas" },
				"east": { "uv": [ 11.625, 9.125, 11.5, 9.25 ], "texture": "#voxels_atlas" }
			}
		},
		{
			"__comment": "Voxels",
			"from": [ -0.5, 9.5, 7.5 ],
			"to": [ 11, 10, 9 ],
			"faces": {
				"down": { "uv": [ 0, 11.5, 2.875, 11.875 ], "texture": "#voxels_atlas" },
				"up": { "uv": [ 0, 12.25, 2.875, 11.875 ], "texture": "#voxels_atlas" },
				"north": { "uv": [ 6.75, 11.125, 3.875, 11.25 ], "texture": "#voxels_atlas" },
				"south": { "uv": [ 3.875, 11.25, 6.75, 11.375 ], "texture": "#voxels_atlas" },
				"west": { "uv": [ 10.5, 13.125, 10.875, 13.25 ], "texture": "#voxels_atlas" },
				"east": { "uv": [ 11.25, 13.125, 10.875, 13.25 ], "texture": "#voxels_atlas" }
			}
		},
		{
			"__comment": "Voxels",
			"from": [ 0, 7.5, 2 ],
			"to": [ 4, 10, 2.5 ],
			"faces": {
				"down": { "uv": [ 14.5, 14.5, 15.5, 14.625 ], "texture": "#voxels_atlas" },
				"up": { "uv": [ 10, 14.25, 11, 14.125 ], "texture": "#voxels_atlas" },
				"north": { "uv": [ 3.875, 11.125, 2.875, 11.75 ], "texture": "#voxels_atlas" },
				"south": { "uv": [ 2.875, 11.75, 3.875, 12.375 ], "texture": "#voxels_atlas" },
				"west": { "uv": [ 9.25, 9, 9.375, 9.625 ], "texture": "#voxels_atlas" },
				"east": { "uv": [ 9.5, 9, 9.375, 9.625 ], "texture": "#voxels_atlas" }
			}
		},
		{
			"__comment": "Voxels",
			"from": [ 0, 7.5, 5 ],
			"to": [ 1.5, 10, 7 ],
			"faces": {
				"down": { "uv": [ 8, 10.25, 8.375, 10.75 ], "texture": "#voxels_atlas" },
				"up": { "uv": [ 8, 9.25, 8.375, 8.75 ], "texture": "#voxels_atlas" },
				"north": { "uv": [ 2.875, 8.125, 2.5, 8.75 ], "texture": "#voxels_atlas" },
				"south": { "uv": [ 7.625, 11.75, 8, 12.375 ], "texture": "#voxels_atlas" },
				"west": { "uv": [ 4.875, 8.375, 5.375, 9 ], "texture": "#voxels_atlas" },
				"east": { "uv": [ 5.875, 9, 5.375, 9.625 ], "texture": "#voxels_atlas" }
			}
		},
		{
			"__comment": "Voxels",
			"from": [ 0, 7.5, 7 ],
			"to": [ 10, 8, 7.5 ],
			"faces": {
				"down": { "uv": [ 8, 15.375, 10.5, 15.5 ], "texture": "#voxels_atlas" },
				"up": { "uv": [ 4.875, 9.75, 7.375, 9.625 ], "texture": "#voxels_atlas" },
				"north": { "uv": [ 15.5, 15.375, 13, 15.5 ], "texture": "#voxels_atlas" },
				"south": { "uv": [ 10.5, 15.25, 13, 15.375 ], "texture": "#voxels_atlas" },
				"west": { "uv": [ 11.5, 9.25, 11.625, 9.375 ], "texture": "#voxels_atlas" },
				"east": { "uv": [ 11.625, 9.625, 11.5, 9.75 ], "texture": "#voxels_atlas" }
			}
		},
		{
			"__comment": "Voxels",
			"from": [ 0, 7.5, 9 ],
			"to": [ 10, 8, 9.5 ],
			"faces": {
				"down": { "uv": [ 13, 15.25, 15.5, 15.375 ], "texture": "#voxels_atlas" },
				"up": { "uv": [ 8, 15.25, 10.5, 15.125 ], "texture": "#voxels_atlas" },
				"north": { "uv": [ 13, 15.125, 10.5, 15.25 ], "texture": "#voxels_atlas" },
				"south": { "uv": [ 13, 15.125, 15.5, 15.25 ], "texture": "#voxels_atlas" },
				"west": { "uv": [ 11.5, 9.75, 11.625, 9.875 ], "texture": "#voxels_atlas" },
				"east": { "uv": [ 11.625, 9.875, 11.5, 10 ], "texture": "#voxels_atlas" }
			}
		},
		{
			"__comment": "Voxels",
			"from": [ 0, 7.5, 9.5 ],
			"to": [ 1.5, 8.5, 11.5 ],
			"faces": {
				"down": { "uv": [ 8, 9.25, 8.375, 9.75 ], "texture": "#voxels_atlas" },
				"up": { "uv": [ 8, 10.25, 8.375, 9.75 ], "texture": "#voxels_atlas" },
				"north": { "uv": [ 9, 11.625, 8.625, 11.875 ], "texture": "#voxels_atlas" },
				"south": { "uv": [ 8.625, 11.375, 9, 11.625 ], "texture": "#voxels_atlas" },
				"west": { "uv": [ 9, 13.875, 9.5, 14.125 ], "texture": "#voxels_atlas" },
				"east": { "uv": [ 9.5, 13.625, 9, 13.875 ], "texture": "#voxels_atlas" }
			}
		},
		{
			"__comment": "Voxels",
			"from": [ 0, 7.5, 14 ],
			"to": [ 4, 10, 14.5 ],
			"faces": {
				"down": { "uv": [ 14.75, 14.75, 15.75, 14.875 ], "texture": "#voxels_atlas" },
				"up": { "uv": [ 14.75, 14.75, 15.75, 14.625 ], "texture": "#voxels_atlas" },
				"north": { "uv": [ 6.875, 12.375, 5.875, 13 ], "texture": "#voxels_atlas" },
				"south": { "uv": [ 2.875, 9.25, 3.875, 9.875 ], "texture": "#voxels_atlas" },
				"west": { "uv": [ 9.25, 11.5, 9.375, 12.125 ], "texture": "#voxels_atlas" },
				"east": { "uv": [ 9.125, 9.625, 9, 10.25 ], "texture": "#voxels_atlas" }
			}
		},
		{
			"__comment": "Voxels",
			"from": [ 0, 8.5, 10 ],
			"to": [ 2.5, 9.5, 11 ],
			"faces": {
				"down": { "uv": [ 2.25, 10, 2.875, 10.25 ], "texture": "#voxels_atlas" },
				"up": { "uv": [ 7.125, 13.375, 7.75, 13.125 ], "texture": "#voxels_atlas" },
				"north": { "uv": [ 7.75, 13.5, 7.125, 13.75 ], "texture": "#voxels_atlas" },
				"south": { "uv": [ 2.25, 9.625, 2.875, 9.875 ], "texture": "#voxels_atlas" },
				"west": { "uv": [ 9.5, 8.5, 9.75, 8.75 ], "texture": "#voxels_atlas" },
				"east": { "uv": [ 9.75, 8.75, 9.5, 9 ], "texture": "#voxels_atlas" }
			}
		},
		{
			"__comment": "Voxels",
			"from": [ 0, 8.5, 11 ],
			"to": [ 2, 9.5, 11.5 ],
			"faces": {
				"down": { "uv": [ 9.5, 9, 10, 9.125 ], "texture": "#voxels_atlas" },
				"up": { "uv": [ 9.75, 9.625, 10.25, 9.5 ], "texture": "#voxels_atlas" },
				"north": { "uv": [ 9.5, 13.125, 9, 13.375 ], "texture": "#voxels_atlas" },
				"south": { "uv": [ 9, 13.375, 9.5, 13.625 ], "texture": "#voxels_atlas" },
				"west": { "uv": [ 11.25, 10.375, 11.375, 10.625 ], "texture": "#voxels_atlas" },
				"east": { "uv": [ 11.375, 9.875, 11.25, 10.125 ], "texture": "#voxels_atlas" }
			}
		},
		{
			"__comment": "Voxels",
			"from": [ 0, 9, 9.5 ],
			"to": [ 2, 9.5, 10 ],
			"faces": {
				"down": { "uv": [ 9.75, 9.625, 10.25, 9.75 ], "texture": "#voxels_atlas" },
				"up": { "uv": [ 9.75, 9.875, 10.25, 9.75 ], "texture": "#voxels_atlas" },
				"north": { "uv": [ 10.25, 9.875, 9.75, 10 ], "texture": "#voxels_atlas" },
				"south": { "uv": [ 9.75, 10, 10.25, 10.125 ], "texture": "#voxels_atlas" },
				"west": { "uv": [ 11.5, 10.5, 11.625, 10.625 ], "texture": "#voxels_atlas" },
				"east": { "uv": [ 11.625, 10.625, 11.5, 10.75 ], "texture": "#voxels_atlas" }
			}
		},
		{
			"__comment": "Voxels",
			"from": [ 0, 9.5, 7 ],
			"to": [ 10, 10, 7.5 ],
			"faces": {
				"down": { "uv": [ 10.5, 15.375, 13, 15.5 ], "texture": "#voxels_atlas" },
				"up": { "uv": [ 4.875, 9.875, 7.375, 9.75 ], "texture": "#voxels_atlas" },
				"north": { "uv": [ 10.5, 15.25, 8, 15.375 ], "texture": "#voxels_atlas" },
				"south": { "uv": [ 8, 15, 10.5, 15.125 ], "texture": "#voxels_atlas" },
				"west": { "uv": [ 11.5, 10.75, 11.625, 10.875 ], "texture": "#voxels_atlas" },
				"east": { "uv": [ 11.625, 11.375, 11.5, 11.5 ], "texture": "#voxels_atlas" }
			}
		},
		{
			"__comment": "Voxels",
			"from": [ 0, 9.5, 9 ],
			"to": [ 10, 10, 9.5 ],
			"faces": {
				"down": { "uv": [ 10.5, 15, 13, 15.125 ], "texture": "#voxels_atlas" },
				"up": { "uv": [ 13, 15.125, 15.5, 15 ], "texture": "#voxels_atlas" },
				"north": { "uv": [ 10.5, 14.875, 8, 15 ], "texture": "#voxels_atlas" },
				"south": { "uv": [ 10.5, 14.875, 13, 15 ], "texture": "#voxels_atlas" },
				"west": { "uv": [ 11.5, 11.5, 11.625, 11.625 ], "texture": "#voxels_atlas" },
				"east": { "uv": [ 13.25, 12.375, 13.125, 12.5 ], "texture": "#voxels_atlas" }
			}
		},
		{
			"__comment": "Voxels",
			"from": [ 0, 9.5, 9.5 ],
			"to": [ 1.5, 10, 11.5 ],
			"faces": {
				"down": { "uv": [ 8, 10.75, 8.375, 11.25 ], "texture": "#voxels_atlas" },
				"up": { "uv": [ 8, 11.75, 8.375, 11.25 ], "texture": "#voxels_atlas" },
				"north": { "uv": [ 11.625, 13.125, 11.25, 13.25 ], "texture": "#voxels_atlas" },
				"south": { "uv": [ 11.625, 13.125, 12, 13.25 ], "texture": "#voxels_atlas" },
				"west": { "uv": [ 11.75, 13.5, 12.25, 13.625 ], "texture": "#voxels_atlas" },
				"east": { "uv": [ 11.75, 13.5, 11.25, 13.625 ], "texture": "#voxels_atlas" }
			}
		},
		{
			"__comment": "Voxels",
			"from": [ 1.5, 7.5, 5.5 ],
			"to": [ 2, 10, 6.5 ],
			"faces": {
				"down": { "uv": [ 11.25, 10.625, 11.375, 10.875 ], "texture": "#voxels_atlas" },
				"up": { "uv": [ 11.25, 11.125, 11.375, 10.875 ], "texture": "#voxels_atlas" },
				"north": { "uv": [ 9.25, 8.375, 9.125, 9 ], "texture": "#voxels_atlas" },
				"south": { "uv": [ 9, 8.375, 9.125, 9 ], "texture": "#voxels_atlas" },
				"west": { "uv": [ 8, 8.125, 8.25, 8.75 ], "texture": "#voxels_atlas" },
				"east": { "uv": [ 8.625, 12.25, 8.375, 12.875 ], "texture": "#voxels_atlas" }
			}
		},
		{
			"__comment": "Voxels",
			"from": [ 1.5, 7.5, 10 ],
			"to": [ 2, 8.5, 11 ],
			"faces": {
				"down": { "uv": [ 11.25, 11.125, 11.375, 11.375 ], "texture": "#voxels_atlas" },
				"up": { "uv": [ 10.75, 9.5, 10.875, 9.25 ], "texture": "#voxels_atlas" },
				"north": { "uv": [ 10.75, 8, 10.625, 8.25 ], "texture": "#voxels_atlas" },
				"south": { "uv": [ 11, 8.625, 11.125, 8.875 ], "texture": "#voxels_atlas" },
				"west": { "uv": [ 10.25, 13.25, 10.5, 13.5 ], "texture": "#voxels_atlas" },
				"east": { "uv": [ 10.25, 8, 10, 8.25 ], "texture": "#voxels_atlas" }
			}
		},
		{
			"__comment": "Voxels",
			"from": [ 1.5, 8, 4.5 ],
			"to": [ 2, 9.5, 5.5 ],
			"faces": {
				"down": { "uv": [ 10.875, 8.625, 11, 8.875 ], "texture": "#voxels_atlas" },
				"up": { "uv": [ 10.75, 9.25, 10.875, 9 ], "texture": "#voxels_atlas" },
				"north": { "uv": [ 9, 9.125, 8.875, 9.5 ], "texture": "#voxels_atlas" },
				"south": { "uv": [ 8.875, 8.75, 9, 9.125 ], "texture": "#voxels_atlas" },
				"west": { "uv": [ 8.625, 11, 8.875, 11.375 ], "texture": "#voxels_atlas" },
				"east": { "uv": [ 8.875, 10.625, 8.625, 11 ], "texture": "#voxels_atlas" }
			}
		},
		{
			"__comment": "Voxels",
			"from": [ 1.5, 8, 6.5 ],
			"to": [ 2, 9.5, 7 ],
			"faces": {
				"down": { "uv": [ 11.875, 12.5, 12, 12.625 ], "texture": "#voxels_atlas" },
				"up": { "uv": [ 11.25, 8.125, 11.375, 8 ], "texture": "#voxels_atlas" },
				"north": { "uv": [ 9, 8.375, 8.875, 8.75 ], "texture": "#voxels_atlas" },
				"south": { "uv": [ 8.875, 8, 9, 8.375 ], "texture": "#voxels_atlas" },
				"west": { "uv": [ 10.25, 12.875, 10.375, 13.25 ], "texture": "#voxels_atlas" },
				"east": { "uv": [ 10.5, 12.875, 10.375, 13.25 ], "texture": "#voxels_atlas" }
			}
		},
		{
			"__comment": "Voxels",
			"from": [ 1.5, 8, 9.5 ],
			"to": [ 2, 8.5, 10 ],
			"faces": {
				"down": { "uv": [ 11.25, 8.125, 11.375, 8.25 ], "texture": "#voxels_atlas" },
				"up": { "uv": [ 11.125, 9.125, 11.25, 9 ], "texture": "#voxels_atlas" },
				"north": { "uv": [ 11.625, 12.375, 11.5, 12.5 ], "texture": "#voxels_atlas" },
				"south": { "uv": [ 11.375, 9, 11.5, 9.125 ], "texture": "#voxels_atlas" },
				"west": { "uv": [ 12.875, 12.25, 13, 12.375 ], "texture": "#voxels_atlas" },
				"east": { "uv": [ 12.875, 12.25, 12.75, 12.375 ], "texture": "#voxels_atlas" }
			}
		},
		{
			"__comment": "Voxels",
			"from": [ 1.5, 8, 11 ],
			"to": [ 2, 8.5, 12 ],
			"faces": {
				"down": { "uv": [ 11.25, 9.625, 11.375, 9.875 ], "texture": "#voxels_atlas" },
				"up": { "uv": [ 11.25, 10.375, 11.375, 10.125 ], "texture": "#voxels_atlas" },
				"north": { "uv": [ 14.625, 12.375, 14.5, 12.5 ], "texture": "#voxels_atlas" },
				"south": { "uv": [ 14.125, 12.375, 14.25, 12.5 ], "texture": "#voxels_atlas" },
				"west": { "uv": [ 14.5, 12.625, 14.75, 12.75 ], "texture": "#voxels_atlas" },
				"east": { "uv": [ 14.5, 12.625, 14.25, 12.75 ], "texture": "#voxels_atlas" }
			}
		},
		{
			"__comment": "Voxels",
			"from": [ 1.5, 8.5, 11.5 ],
			"to": [ 2, 9.5, 12 ],
			"faces": {
				"down": { "uv": [ 12.25, 12.375, 12.375, 12.5 ], "texture": "#voxels_atlas" },
				"up": { "uv": [ 11.375, 8.625, 11.5, 8.5 ], "texture": "#voxels_atlas" },
				"north": { "uv": [ 11.375, 12.125, 11.25, 12.375 ], "texture": "#voxels_atlas" },
				"south": { "uv": [ 10.875, 8.25, 11, 8.5 ], "texture": "#voxels_atlas" },
				"west": { "uv": [ 11.125, 8.625, 11.25, 8.875 ], "texture": "#voxels_atlas" },
				"east": { "uv": [ 10.875, 8.5, 10.75, 8.75 ], "texture": "#voxels_atlas" }
			}
		},
		{
			"__comment": "Voxels",
			"from": [ 1.5, 9.5, 10 ],
			"to": [ 2, 10, 11 ],
			"faces": {
				"down": { "uv": [ 10.75, 8.75, 10.875, 9 ], "texture": "#voxels_atlas" },
				"up": { "uv": [ 11.25, 12.125, 11.375, 11.875 ], "texture": "#voxels_atlas" },
				"north": { "uv": [ 11.5, 8.375, 11.375, 8.5 ], "texture": "#voxels_atlas" },
				"south": { "uv": [ 11.5, 11.125, 11.625, 11.25 ], "texture": "#voxels_atlas" },
				"west": { "uv": [ 11, 8.375, 11.25, 8.5 ], "texture": "#voxels_atlas" },
				"east": { "uv": [ 11.125, 8.125, 10.875, 8.25 ], "texture": "#voxels_atlas" }
			}
		},
		{
			"__comment": "Voxels",
			"from": [ 2, 8, 5.5 ],
			"to": [ 2.5, 9.5, 6.5 ],
			"faces": {
				"down": { "uv": [ 11.25, 12.375, 11.375, 12.625 ], "texture": "#voxels_atlas" },
				"up": { "uv": [ 10.5, 8.25, 10.625, 8 ], "texture": "#voxels_atlas" },
				"north": { "uv": [ 10.5, 12.5, 10.375, 12.875 ], "texture": "#voxels_atlas" },
				"south": { "uv": [ 10.25, 12.125, 10.375, 12.5 ], "texture": "#voxels_atlas" },
				"west": { "uv": [ 8.625, 9.125, 8.875, 9.5 ], "texture": "#voxels_atlas" },
				"east": { "uv": [ 8.875, 9.5, 8.625, 9.875 ], "texture": "#voxels_atlas" }
			}
		},
		{
			"__comment": "Voxels",
			"from": [ 2, 8, 10 ],
			"to": [ 2.5, 8.5, 11 ],
			"faces": {
				"down": { "uv": [ 11.25, 11.625, 11.375, 11.875 ], "texture": "#voxels_atlas" },
				"up": { "uv": [ 11.25, 11.625, 11.375, 11.375 ], "texture": "#voxels_atlas" },
				"north": { "uv": [ 12.625, 12.375, 12.5, 12.5 ], "texture": "#voxels_atlas" },
				"south": { "uv": [ 12.625, 12.375, 12.75, 12.5 ], "texture": "#voxels_atlas" },
				"west": { "uv": [ 15.75, 13.125, 16, 13.25 ], "texture": "#voxels_atlas" },
				"east": { "uv": [ 11.125, 9.25, 10.875, 9.375 ], "texture": "#voxels_atlas" }
			}
		},
		{
			"__comment": "Voxels",
			"from": [ 2.5, 7.5, 13 ],
			"to": [ 4, 10, 13.5 ],
			"faces": {
				"down": { "uv": [ 12, 13.125, 12.375, 13.25 ], "texture": "#voxels_atlas" },
				"up": { "uv": [ 12.375, 13.25, 12.75, 13.125 ], "texture": "#voxels_atlas" },
				"north": { "uv": [ 8.375, 13.625, 8, 14.25 ], "texture": "#voxels_atlas" },
				"south": { "uv": [ 8, 13, 8.375, 13.625 ], "texture": "#voxels_atlas" },
				"west": { "uv": [ 9.375, 9.625, 9.5, 10.25 ], "texture": "#voxels_atlas" },
				"east": { "uv": [ 9.125, 9, 9, 9.625 ], "texture": "#voxels_atlas" }
			}
		},
		{
			"__comment": "Voxels",
			"from": [ 2.5, 8, 3.5 ],
			"to": [ 4, 9.5, 4 ],
			"faces": {
				"down": { "uv": [ 12.75, 13.125, 13.125, 13.25 ], "texture": "#voxels_atlas" },
				"up": { "uv": [ 13.125, 13.25, 13.5, 13.125 ], "texture": "#voxels_atlas" },
				"north": { "uv": [ 9, 11.875, 8.625, 12.25 ], "texture": "#voxels_atlas" },
				"south": { "uv": [ 2.25, 8.75, 2.625, 9.125 ], "texture": "#voxels_atlas" },
				"west": { "uv": [ 10.375, 12.125, 10.5, 12.5 ], "texture": "#voxels_atlas" },
				"east": { "uv": [ 10.375, 11.75, 10.25, 12.125 ], "texture": "#voxels_atlas" }
			}
		},
		{
			"__comment": "Voxels",
			"from": [ 2.5, 8, 12.5 ],
			"to": [ 4, 9.5, 13 ],
			"faces": {
				"down": { "uv": [ 13.5, 13.125, 13.875, 13.25 ], "texture": "#voxels_atlas" },
				"up": { "uv": [ 13.875, 13.25, 14.25, 13.125 ], "texture": "#voxels_atlas" },
				"north": { "uv": [ 9, 13, 8.625, 13.375 ], "texture": "#voxels_atlas" },
				"south": { "uv": [ 8.625, 12.25, 9, 12.625 ], "texture": "#voxels_atlas" },
				"west": { "uv": [ 10.375, 11.75, 10.5, 12.125 ], "texture": "#voxels_atlas" },
				"east": { "uv": [ 10.375, 11.375, 10.25, 11.75 ], "texture": "#voxels_atlas" }
			}
		},
		{
			"__comment": "Voxels",
			"from": [ 3, 7.5, 6.5 ],
			"to": [ 3.5, 10, 7 ],
			"faces": {
				"down": { "uv": [ 13.25, 12.375, 13.375, 12.5 ], "texture": "#voxels_atlas" },
				"up": { "uv": [ 13.375, 12.5, 13.5, 12.375 ], "texture": "#voxels_atlas" },
				"north": { "uv": [ 9.375, 10.25, 9.25, 10.875 ], "texture": "#voxels_atlas" },
				"south": { "uv": [ 9.125, 11.5, 9.25, 12.125 ], "texture": "#voxels_atlas" },
				"west": { "uv": [ 9.125, 10.25, 9.25, 10.875 ], "texture": "#voxels_atlas" },
				"east": { "uv": [ 9.125, 10.25, 9, 10.875 ], "texture": "#voxels_atlas" }
			}
		},
		{
			"__comment": "Voxels",
			"from": [ 3, 7.5, 9.5 ],
			"to": [ 3.5, 10, 10 ],
			"faces": {
				"down": { "uv": [ 11.5, 11.25, 11.625, 11.375 ], "texture": "#voxels_atlas" },
				"up": { "uv": [ 11.75, 12.375, 11.875, 12.25 ], "texture": "#voxels_atlas" },
				"north": { "uv": [ 8.375, 8.125, 8.25, 8.75 ], "texture": "#voxels_atlas" },
				"south": { "uv": [ 3.75, 8, 3.875, 8.625 ], "texture": "#voxels_atlas" },
				"west": { "uv": [ 9.25, 9.625, 9.375, 10.25 ], "texture": "#voxels_atlas" },
				"east": { "uv": [ 9.25, 9.625, 9.125, 10.25 ], "texture": "#voxels_atlas" }
			}
		},
		{
			"__comment": "Voxels",
			"from": [ 3, 8, 6 ],
			"to": [ 4, 9.5, 6.5 ],
			"faces": {
				"down": { "uv": [ 15.75, 12.875, 16, 13 ], "texture": "#voxels_atlas" },
				"up": { "uv": [ 10.875, 9.75, 11.125, 9.625 ], "texture": "#voxels_atlas" },
				"north": { "uv": [ 8.875, 8, 8.625, 8.375 ], "texture": "#voxels_atlas" },
				"south": { "uv": [ 8.625, 8.375, 8.875, 8.75 ], "texture": "#voxels_atlas" },
				"west": { "uv": [ 10.375, 11.375, 10.5, 11.75 ], "texture": "#voxels_atlas" },
				"east": { "uv": [ 10.375, 11, 10.25, 11.375 ], "texture": "#voxels_atlas" }
			}
		},
		{
			"__comment": "Voxels",
			"from": [ 3, 8, 10 ],
			"to": [ 4, 9.5, 10.5 ],
			"faces": {
				"down": { "uv": [ 10.875, 9.125, 11.125, 9.25 ], "texture": "#voxels_atlas" },
				"up": { "uv": [ 10.875, 8.625, 11.125, 8.5 ], "texture": "#voxels_atlas" },
				"north": { "uv": [ 8.875, 8.75, 8.625, 9.125 ], "texture": "#voxels_atlas" },
				"south": { "uv": [ 8.625, 9.875, 8.875, 10.25 ], "texture": "#voxels_atlas" },
				"west": { "uv": [ 10.375, 11, 10.5, 11.375 ], "texture": "#voxels_atlas" },
				"east": { "uv": [ 10.375, 10.625, 10.25, 11 ], "texture": "#voxels_atlas" }
			}
		},
		{
			"__comment": "Voxels",
			"from": [ 3.5, 8, 5.5 ],
			"to": [ 4.5, 9.5, 6 ],
			"faces": {
				"down": { "uv": [ 8.375, 8, 8.625, 8.125 ], "texture": "#voxels_atlas" },
				"up": { "uv": [ 10, 9.125, 10.25, 9 ], "texture": "#voxels_atlas" },
				"north": { "uv": [ 8.875, 10.25, 8.625, 10.625 ], "texture": "#voxels_atlas" },
				"south": { "uv": [ 8.375, 8.125, 8.625, 8.5 ], "texture": "#voxels_atlas" },
				"west": { "uv": [ 10.375, 10.625, 10.5, 11 ], "texture": "#voxels_atlas" },
				"east": { "uv": [ 10.375, 10.25, 10.25, 10.625 ], "texture": "#voxels_atlas" }
			}
		},
		{
			"__comment": "Voxels",
			"from": [ 3.5, 8, 10.5 ],
			"to": [ 4.5, 9.5, 11 ],
			"faces": {
				"down": { "uv": [ 10.875, 9, 11.125, 9.125 ], "texture": "#voxels_atlas" },
				"up": { "uv": [ 10.875, 9, 11.125, 8.875 ], "texture": "#voxels_atlas" },
				"north": { "uv": [ 8.625, 10, 8.375, 10.375 ], "texture": "#voxels_atlas" },
				"south": { "uv": [ 8.375, 10.375, 8.625, 10.75 ], "texture": "#voxels_atlas" },
				"west": { "uv": [ 10.375, 10.25, 10.5, 10.625 ], "texture": "#voxels_atlas" },
				"east": { "uv": [ 10.375, 9.875, 10.25, 10.25 ], "texture": "#voxels_atlas" }
			}
		},
		{
			"__comment": "Voxels",
			"from": [ 4, 8, 2 ],
			"to": [ 5, 9.5, 2.5 ],
			"faces": {
				"down": { "uv": [ 10.875, 8, 11.125, 8.125 ], "texture": "#voxels_atlas" },
				"up": { "uv": [ 15.75, 14.75, 16, 14.625 ], "texture": "#voxels_atlas" },
				"north": { "uv": [ 8.625, 10.75, 8.375, 11.125 ], "texture": "#voxels_atlas" },
				"south": { "uv": [ 8.375, 11.125, 8.625, 11.5 ], "texture": "#voxels_atlas" },
				"west": { "uv": [ 10.375, 9.875, 10.5, 10.25 ], "texture": "#voxels_atlas" },
				"east": { "uv": [ 10.375, 9.5, 10.25, 9.875 ], "texture": "#voxels_atlas" }
			}
		},
		{
			"__comment": "Voxels",
			"from": [ 4, 8, 3 ],
			"to": [ 4.5, 9.5, 3.5 ],
			"faces": {
				"down": { "uv": [ 13.25, 12.5, 13.375, 12.625 ], "texture": "#voxels_atlas" },
				"up": { "uv": [ 13.375, 12.625, 13.5, 12.5 ], "texture": "#voxels_atlas" },
				"north": { "uv": [ 10.5, 9.5, 10.375, 9.875 ], "texture": "#voxels_atlas" },
				"south": { "uv": [ 10.25, 9.125, 10.375, 9.5 ], "texture": "#voxels_atlas" },
				"west": { "uv": [ 10.375, 9.125, 10.5, 9.5 ], "texture": "#voxels_atlas" },
				"east": { "uv": [ 10.375, 8.75, 10.25, 9.125 ], "texture": "#voxels_atlas" }
			}
		},
		{
			"__comment": "Voxels",
			"from": [ 4, 8, 5 ],
			"to": [ 5.5, 9.5, 5.5 ],
			"faces": {
				"down": { "uv": [ 14.25, 13.125, 14.625, 13.25 ], "texture": "#voxels_atlas" },
				"up": { "uv": [ 14.625, 13.25, 15, 13.125 ], "texture": "#voxels_atlas" },
				"north": { "uv": [ 9, 12.625, 8.625, 13 ], "texture": "#voxels_atlas" },
				"south": { "uv": [ 2.25, 9.125, 2.625, 9.5 ], "texture": "#voxels_atlas" },
				"west": { "uv": [ 10.375, 8.75, 10.5, 9.125 ], "texture": "#voxels_atlas" },
				"east": { "uv": [ 10.375, 8.375, 10.25, 8.75 ], "texture": "#voxels_atlas" }
			}
		},
		{
			"__comment": "Voxels",
			"from": [ 4, 8, 11 ],
			"to": [ 5.5, 9.5, 11.5 ],
			"faces": {
				"down": { "uv": [ 15, 13.125, 15.375, 13.25 ], "texture": "#voxels_atlas" },
				"up": { "uv": [ 15.375, 13.25, 15.75, 13.125 ], "texture": "#voxels_atlas" },
				"north": { "uv": [ 5.75, 8, 5.375, 8.375 ], "texture": "#voxels_atlas" },
				"south": { "uv": [ 4.875, 8, 5.25, 8.375 ], "texture": "#voxels_atlas" },
				"west": { "uv": [ 10.375, 8.375, 10.5, 8.75 ], "texture": "#voxels_atlas" },
				"east": { "uv": [ 10.375, 8, 10.25, 8.375 ], "texture": "#voxels_atlas" }
			}
		},
		{
			"__comment": "Voxels",
			"from": [ 4, 8, 13 ],
			"to": [ 4.5, 9.5, 13.5 ],
			"faces": {
				"down": { "uv": [ 13.75, 12.375, 13.875, 12.5 ], "texture": "#voxels_atlas" },
				"up": { "uv": [ 11.5, 10.125, 11.625, 10 ], "texture": "#voxels_atlas" },
				"north": { "uv": [ 10.5, 8, 10.375, 8.375 ], "texture": "#voxels_atlas" },
				"south": { "uv": [ 10.5, 12.75, 10.625, 13.125 ], "texture": "#voxels_atlas" },
				"west": { "uv": [ 10.5, 12.375, 10.625, 12.75 ], "texture": "#voxels_atlas" },
				"east": { "uv": [ 10.625, 12, 10.5, 12.375 ], "texture": "#voxels_atlas" }
			}
		},
		{
			"__comment": "Voxels",
			"from": [ 4, 8, 14 ],
			"to": [ 5, 9.5, 14.5 ],
			"faces": {
				"down": { "uv": [ 14.75, 12.625, 15, 12.75 ], "texture": "#voxels_atlas" },
				"up": { "uv": [ 15, 12.75, 15.25, 12.625 ], "texture": "#voxels_atlas" },
				"north": { "uv": [ 8.625, 11.5, 8.375, 11.875 ], "texture": "#voxels_atlas" },
				"south": { "uv": [ 8.375, 11.875, 8.625, 12.25 ], "texture": "#voxels_atlas" },
				"west": { "uv": [ 10.5, 11.625, 10.625, 12 ], "texture": "#voxels_atlas" },
				"east": { "uv": [ 10.375, 12.5, 10.25, 12.875 ], "texture": "#voxels_atlas" }
			}
		},
		{
			"__comment": "Voxels",
			"from": [ 5, 7.5, 6.5 ],
			"to": [ 9, 10, 7 ],
			"faces": {
				"down": { "uv": [ 6.5, 9.875, 7.5, 10 ], "texture": "#voxels_atlas" },
				"up": { "uv": [ 5.625, 11.875, 6.625, 11.75 ], "texture": "#voxels_atlas" },
				"north": { "uv": [ 4.875, 12.375, 3.875, 13 ], "texture": "#voxels_atlas" },
				"south": { "uv": [ 4.875, 12.375, 5.875, 13 ], "texture": "#voxels_atlas" },
				"west": { "uv": [ 9.375, 10.875, 9.5, 11.5 ], "texture": "#voxels_atlas" },
				"east": { "uv": [ 9.125, 12.125, 9, 12.75 ], "texture": "#voxels_atlas" }
			}
		},
		{
			"__comment": "Voxels",
			"from": [ 5, 7.5, 9.5 ],
			"to": [ 9, 10, 10 ],
			"faces": {
				"down": { "uv": [ 5.625, 11.875, 6.625, 12 ], "texture": "#voxels_atlas" },
				"up": { "uv": [ 6.625, 12, 7.625, 11.875 ], "texture": "#voxels_atlas" },
				"north": { "uv": [ 7.875, 12.375, 6.875, 13 ], "texture": "#voxels_atlas" },
				"south": { "uv": [ 2.875, 12.375, 3.875, 13 ], "texture": "#voxels_atlas" },
				"west": { "uv": [ 9.375, 10.25, 9.5, 10.875 ], "texture": "#voxels_atlas" },
				"east": { "uv": [ 9.25, 12.125, 9.125, 12.75 ], "texture": "#voxels_atlas" }
			}
		},
		{
			"__comment": "Voxels",
			"from": [ 5, 8, 2.5 ],
			"to": [ 6, 9.5, 3 ],
			"faces": {
				"down": { "uv": [ 15.25, 12.625, 15.5, 12.75 ], "texture": "#voxels_atlas" },
				"up": { "uv": [ 15.5, 12.75, 15.75, 12.625 ], "texture": "#voxels_atlas" },
				"north": { "uv": [ 8, 13, 7.75, 13.375 ], "texture": "#voxels_atlas" },
				"south": { "uv": [ 7.75, 13.375, 8, 13.75 ], "texture": "#voxels_atlas" },
				"west": { "uv": [ 10.5, 11.25, 10.625, 11.625 ], "texture": "#voxels_atlas" },
				"east": { "uv": [ 10.625, 10.875, 10.5, 11.25 ], "texture": "#voxels_atlas" }
			}
		},
		{
			"__comment": "Voxels",
			"from": [ 5, 8, 13.5 ],
			"to": [ 6, 9.5, 14 ],
			"faces": {
				"down": { "uv": [ 15.75, 12.625, 16, 12.75 ], "texture": "#voxels_atlas" },
				"up": { "uv": [ 11.375, 12.625, 11.625, 12.5 ], "texture": "#voxels_atlas" },
				"north": { "uv": [ 9.5, 12.75, 9.25, 13.125 ], "texture": "#voxels_atlas" },
				"south": { "uv": [ 9, 12.75, 9.25, 13.125 ], "texture": "#voxels_atlas" },
				"west": { "uv": [ 10.5, 10.5, 10.625, 10.875 ], "texture": "#voxels_atlas" },
				"east": { "uv": [ 10.625, 10.125, 10.5, 10.5 ], "texture": "#voxels_atlas" }
			}
		},
		{
			"__comment": "Voxels",
			"from": [ 5.5, 7.5, 6 ],
			"to": [ 7.5, 10, 6.5 ],
			"faces": {
				"down": { "uv": [ 9.5, 8, 10, 8.125 ], "texture": "#voxels_atlas" },
				"up": { "uv": [ 9.75, 8.625, 10.25, 8.5 ], "texture": "#voxels_atlas" },
				"north": { "uv": [ 4.875, 8.625, 4.375, 9.25 ], "texture": "#voxels_atlas" },
				"south": { "uv": [ 4.875, 9, 5.375, 9.625 ], "texture": "#voxels_atlas" },
				"west": { "uv": [ 9.625, 9.5, 9.75, 10.125 ], "texture": "#voxels_atlas" },
				"east": { "uv": [ 2.875, 10.25, 2.75, 10.875 ], "texture": "#voxels_atlas" }
			}
		},
		{
			"__comment": "Voxels",
			"from": [ 5.5, 7.5, 10 ],
			"to": [ 7.5, 10, 10.5 ],
			"faces": {
				"down": { "uv": [ 12.25, 13.625, 12.75, 13.75 ], "texture": "#voxels_atlas" },
				"up": { "uv": [ 15.25, 13.625, 15.75, 13.5 ], "texture": "#voxels_atlas" },
				"north": { "uv": [ 5.875, 8.375, 5.375, 9 ], "texture": "#voxels_atlas" },
				"south": { "uv": [ 4.375, 8, 4.875, 8.625 ], "texture": "#voxels_atlas" },
				"west": { "uv": [ 9.125, 9, 9.25, 9.625 ], "texture": "#voxels_atlas" },
				"east": { "uv": [ 9.375, 8.375, 9.25, 9 ], "texture": "#voxels_atlas" }
			}
		},
		{
			"__comment": "Voxels",
			"from": [ 5.5, 8, 3 ],
			"to": [ 6.5, 9.5, 3.5 ],
			"faces": {
				"down": { "uv": [ 10, 8.375, 10.25, 8.5 ], "texture": "#voxels_atlas" },
				"up": { "uv": [ 10, 8.375, 10.25, 8.25 ], "texture": "#voxels_atlas" },
				"north": { "uv": [ 8.625, 8.5, 8.375, 8.875 ], "texture": "#voxels_atlas" },
				"south": { "uv": [ 8.375, 8.875, 8.625, 9.25 ], "texture": "#voxels_atlas" },
				"west": { "uv": [ 10.5, 9.75, 10.625, 10.125 ], "texture": "#voxels_atlas" },
				"east": { "uv": [ 10.625, 9.375, 10.5, 9.75 ], "texture": "#voxels_atlas" }
			}
		},
		{
			"__comment": "Voxels",
			"from": [ 5.5, 8, 13 ],
			"to": [ 6.5, 9.5, 13.5 ],
			"faces": {
				"down": { "uv": [ 15.75, 12.75, 16, 12.875 ], "texture": "#voxels_atlas" },
				"up": { "uv": [ 10.875, 9.875, 11.125, 9.75 ], "texture": "#voxels_atlas" },
				"north": { "uv": [ 8.625, 9.25, 8.375, 9.625 ], "texture": "#voxels_atlas" },
				"south": { "uv": [ 8.375, 9.625, 8.625, 10 ], "texture": "#voxels_atlas" },
				"west": { "uv": [ 10.5, 9, 10.625, 9.375 ], "texture": "#voxels_atlas" },
				"east": { "uv": [ 10.625, 8.625, 10.5, 9 ], "texture": "#voxels_atlas" }
			}
		},
		{
			"__comment": "Voxels",
			"from": [ 8, 8.5, 6 ],
			"to": [ 18.5, 9, 6.5 ],
			"faces": {
				"down": { "uv": [ 3.875, 10.375, 6.5, 10.5 ], "texture": "#voxels_atlas" },
				"up": { "uv": [ 3.875, 10.25, 6.5, 10.125 ], "texture": "#voxels_atlas" },
				"north": { "uv": [ 6.5, 10, 3.875, 10.125 ], "texture": "#voxels_atlas" },
				"south": { "uv": [ 3.875, 10.625, 6.5, 10.75 ], "texture": "#voxels_atlas" },
				"west": { "uv": [ 13, 12.375, 13.125, 12.5 ], "texture": "#voxels_atlas" },
				"east": { "uv": [ 14, 12.375, 13.875, 12.5 ], "texture": "#voxels_atlas" }
			}
		},
		{
			"__comment": "Voxels",
			"from": [ 8, 8.5, 10 ],
			"to": [ 18.5, 9, 10.5 ],
			"faces": {
				"down": { "uv": [ 3.875, 10.5, 6.5, 10.625 ], "texture": "#voxels_atlas" },
				"up": { "uv": [ 3.875, 10.375, 6.5, 10.25 ], "texture": "#voxels_atlas" },
				"north": { "uv": [ 6.5, 10.75, 3.875, 10.875 ], "texture": "#voxels_atlas" },
				"south": { "uv": [ 3.875, 9.875, 6.5, 10 ], "texture": "#voxels_atlas" },
				"west": { "uv": [ 11.5, 10.375, 11.625, 10.5 ], "texture": "#voxels_atlas" },
				"east": { "uv": [ 11.625, 8.25, 11.5, 8.375 ], "texture": "#voxels_atlas" }
			}
		},
		{
			"__comment": "Voxels",
			"from": [ 8.5, 8, 6 ],
			"to": [ 17, 8.5, 6.5 ],
			"faces": {
				"down": { "uv": [ 12.25, 14.375, 14.375, 14.5 ], "texture": "#voxels_atlas" },
				"up": { "uv": [ 8, 14.375, 10.125, 14.25 ], "texture": "#voxels_atlas" },
				"north": { "uv": [ 8, 8.75, 5.875, 8.875 ], "texture": "#voxels_atlas" },
				"south": { "uv": [ 5.875, 9.25, 8, 9.375 ], "texture": "#voxels_atlas" },
				"west": { "uv": [ 12.125, 12.25, 12.25, 12.375 ], "texture": "#voxels_atlas" },
				"east": { "uv": [ 8, 11.25, 7.875, 11.375 ], "texture": "#voxels_atlas" }
			}
		},
		{
			"__comment": "Voxels",
			"from": [ 8.5, 8, 10 ],
			"to": [ 17, 8.5, 10.5 ],
			"faces": {
				"down": { "uv": [ 5.875, 9.125, 8, 9.25 ], "texture": "#voxels_atlas" },
				"up": { "uv": [ 5.875, 8.75, 8, 8.625 ], "texture": "#voxels_atlas" },
				"north": { "uv": [ 8, 8.5, 5.875, 8.625 ], "texture": "#voxels_atlas" },
				"south": { "uv": [ 5.875, 8.25, 8, 8.375 ], "texture": "#voxels_atlas" },
				"west": { "uv": [ 7.875, 10.625, 8, 10.75 ], "texture": "#voxels_atlas" },
				"east": { "uv": [ 8, 10.5, 7.875, 10.625 ], "texture": "#voxels_atlas" }
			}
		},
		{
			"__comment": "Voxels",
			"from": [ 8.5, 8.5, 5 ],
			"to": [ 9, 9, 6 ],
			"faces": {
				"down": { "uv": [ 10.75, 9.75, 10.875, 10 ], "texture": "#voxels_atlas" },
				"up": { "uv": [ 10.75, 9.75, 10.875, 9.5 ], "texture": "#voxels_atlas" },
				"north": { "uv": [ 8, 10.375, 7.875, 10.5 ], "texture": "#voxels_atlas" },
				"south": { "uv": [ 10.125, 12.25, 10.25, 12.375 ], "texture": "#voxels_atlas" },
				"west": { "uv": [ 15.75, 13.625, 16, 13.75 ], "texture": "#voxels_atlas" },
				"east": { "uv": [ 16, 13.5, 15.75, 13.625 ], "texture": "#voxels_atlas" }
			}
		},
		{
			"__comment": "Voxels",
			"from": [ 8.5, 8.5, 10.5 ],
			"to": [ 17.5, 9, 11 ],
			"faces": {
				"down": { "uv": [ 13, 14.875, 15.25, 15 ], "texture": "#voxels_atlas" },
				"up": { "uv": [ 10.25, 14.875, 12.5, 14.75 ], "texture": "#voxels_atlas" },
				"north": { "uv": [ 12.5, 14.625, 10.25, 14.75 ], "texture": "#voxels_atlas" },
				"south": { "uv": [ 8, 14.625, 10.25, 14.75 ], "texture": "#voxels_atlas" },
				"west": { "uv": [ 10.125, 11.625, 10.25, 11.75 ], "texture": "#voxels_atlas" },
				"east": { "uv": [ 10.25, 11.5, 10.125, 11.625 ], "texture": "#voxels_atlas" }
			}
		},
		{
			"__comment": "Voxels",
			"from": [ 8.5, 8.5, 11 ],
			"to": [ 9, 9, 11.5 ],
			"faces": {
				"down": { "uv": [ 10.125, 11.375, 10.25, 11.5 ], "texture": "#voxels_atlas" },
				"up": { "uv": [ 10.125, 11.375, 10.25, 11.25 ], "texture": "#voxels_atlas" },
				"north": { "uv": [ 10.25, 11.125, 10.125, 11.25 ], "texture": "#voxels_atlas" },
				"south": { "uv": [ 10.125, 11, 10.25, 11.125 ], "texture": "#voxels_atlas" },
				"west": { "uv": [ 10.125, 10.875, 10.25, 11 ], "texture": "#voxels_atlas" },
				"east": { "uv": [ 10.25, 10.75, 10.125, 10.875 ], "texture": "#voxels_atlas" }
			}
		},
		{
			"__comment": "Voxels",
			"from": [ 8.5, 9, 6 ],
			"to": [ 17, 9.5, 6.5 ],
			"faces": {
				"down": { "uv": [ 10.25, 14.5, 12.375, 14.625 ], "texture": "#voxels_atlas" },
				"up": { "uv": [ 12.375, 14.625, 14.5, 14.5 ], "texture": "#voxels_atlas" },
				"north": { "uv": [ 12.25, 14.375, 10.125, 14.5 ], "texture": "#voxels_atlas" },
				"south": { "uv": [ 5.875, 8.375, 8, 8.5 ], "texture": "#voxels_atlas" },
				"west": { "uv": [ 10.125, 10.125, 10.25, 10.25 ], "texture": "#voxels_atlas" },
				"east": { "uv": [ 10.25, 9.375, 10.125, 9.5 ], "texture": "#voxels_atlas" }
			}
		},
		{
			"__comment": "Voxels",
			"from": [ 8.5, 9, 10 ],
			"to": [ 17, 9.5, 10.5 ],
			"faces": {
				"down": { "uv": [ 5.875, 8.125, 8, 8.25 ], "texture": "#voxels_atlas" },
				"up": { "uv": [ 5.875, 9, 8, 8.875 ], "texture": "#voxels_atlas" },
				"north": { "uv": [ 8, 9, 5.875, 9.125 ], "texture": "#voxels_atlas" },
				"south": { "uv": [ 5.875, 9.375, 8, 9.5 ], "texture": "#voxels_atlas" },
				"west": { "uv": [ 11.125, 9.625, 11.25, 9.75 ], "texture": "#voxels_atlas" },
				"east": { "uv": [ 11.25, 9.5, 11.125, 9.625 ], "texture": "#voxels_atlas" }
			}
		},
		{
			"__comment": "Voxels",
			"from": [ 9, 8, 6.5 ],
			"to": [ 18, 9.5, 7 ],
			"faces": {
				"down": { "uv": [ 12.5, 14.75, 14.75, 14.875 ], "texture": "#voxels_atlas" },
				"up": { "uv": [ 8, 14.625, 10.25, 14.5 ], "texture": "#voxels_atlas" },
				"north": { "uv": [ 2.25, 9.5, 0, 9.875 ], "texture": "#voxels_atlas" },
				"south": { "uv": [ 0, 9.125, 2.25, 9.5 ], "texture": "#voxels_atlas" },
				"west": { "uv": [ 10.5, 8.25, 10.625, 8.625 ], "texture": "#voxels_atlas" },
				"east": { "uv": [ 10.75, 12.75, 10.625, 13.125 ], "texture": "#voxels_atlas" }
			}
		},
		{
			"__comment": "Voxels",
			"from": [ 9, 8, 9.5 ],
			"to": [ 18, 9.5, 10 ],
			"faces": {
				"down": { "uv": [ 12.5, 14.625, 14.75, 14.75 ], "texture": "#voxels_atlas" },
				"up": { "uv": [ 8, 14.875, 10.25, 14.75 ], "texture": "#voxels_atlas" },
				"north": { "uv": [ 2.25, 8.75, 0, 9.125 ], "texture": "#voxels_atlas" },
				"south": { "uv": [ 0, 9.875, 2.25, 10.25 ], "texture": "#voxels_atlas" },
				"west": { "uv": [ 10.625, 12.375, 10.75, 12.75 ], "texture": "#voxels_atlas" },
				"east": { "uv": [ 10.75, 12, 10.625, 12.375 ], "texture": "#voxels_atlas" }
			}
		},
		{
			"__comment": "Voxels",
			"from": [ 9, 8.5, 5.5 ],
			"to": [ 17.5, 9, 6 ],
			"faces": {
				"down": { "uv": [ 5.875, 8, 8, 8.125 ], "texture": "#voxels_atlas" },
				"up": { "uv": [ 8, 14.5, 10.125, 14.375 ], "texture": "#voxels_atlas" },
				"north": { "uv": [ 12.25, 14.25, 10.125, 14.375 ], "texture": "#voxels_atlas" },
				"south": { "uv": [ 5.875, 9.5, 8, 9.625 ], "texture": "#voxels_atlas" },
				"west": { "uv": [ 11.25, 9, 11.375, 9.125 ], "texture": "#voxels_atlas" },
				"east": { "uv": [ 11.375, 8.875, 11.25, 9 ], "texture": "#voxels_atlas" }
			}
		},
		{
			"__comment": "Voxels",
			"from": [ 9.5, 8, 5.5 ],
			"to": [ 12, 8.5, 6 ],
			"faces": {
				"down": { "uv": [ 9.5, 11.75, 10.125, 11.875 ], "texture": "#voxels_atlas" },
				"up": { "uv": [ 9.5, 10.875, 10.125, 10.75 ], "texture": "#voxels_atlas" },
				"north": { "uv": [ 10.125, 10.625, 9.5, 10.75 ], "texture": "#voxels_atlas" },
				"south": { "uv": [ 15.375, 14.125, 16, 14.25 ], "texture": "#voxels_atlas" },
				"west": { "uv": [ 11.25, 8.375, 11.375, 8.5 ], "texture": "#voxels_atlas" },
				"east": { "uv": [ 11.375, 8.25, 11.25, 8.375 ], "texture": "#voxels_atlas" }
			}
		},
		{
			"__comment": "Voxels",
			"from": [ 9.5, 8, 10.5 ],
			"to": [ 12, 8.5, 11 ],
			"faces": {
				"down": { "uv": [ 9.5, 12.25, 10.125, 12.375 ], "texture": "#voxels_atlas" },
				"up": { "uv": [ 9.5, 12.25, 10.125, 12.125 ], "texture": "#voxels_atlas" },
				"north": { "uv": [ 10.125, 12, 9.5, 12.125 ], "texture": "#voxels_atlas" },
				"south": { "uv": [ 7.375, 9.625, 8, 9.75 ], "texture": "#voxels_atlas" },
				"west": { "uv": [ 11.625, 12.5, 11.75, 12.625 ], "texture": "#voxels_atlas" },
				"east": { "uv": [ 11.875, 12.5, 11.75, 12.625 ], "texture": "#voxels_atlas" }
			}
		},
		{
			"__comment": "Voxels",
			"from": [ 9.5, 8.5, 5 ],
			"to": [ 12.5, 9, 5.5 ],
			"faces": {
				"down": { "uv": [ 9.5, 13.25, 10.25, 13.375 ], "texture": "#voxels_atlas" },
				"up": { "uv": [ 9.5, 13.25, 10.25, 13.125 ], "texture": "#voxels_atlas" },
				"north": { "uv": [ 10.25, 13, 9.5, 13.125 ], "texture": "#voxels_atlas" },
				"south": { "uv": [ 9.5, 12.875, 10.25, 13 ], "texture": "#voxels_atlas" },
				"west": { "uv": [ 12, 12.5, 12.125, 12.625 ], "texture": "#voxels_atlas" },
				"east": { "uv": [ 12.25, 12.5, 12.125, 12.625 ], "texture": "#voxels_atlas" }
			}
		},
		{
			"__comment": "Voxels",
			"from": [ 9.5, 8.5, 11 ],
			"to": [ 12.5, 9, 11.5 ],
			"faces": {
				"down": { "uv": [ 9.5, 12.75, 10.25, 12.875 ], "texture": "#voxels_atlas" },
				"up": { "uv": [ 9.5, 12.75, 10.25, 12.625 ], "texture": "#voxels_atlas" },
				"north": { "uv": [ 10.25, 12.5, 9.5, 12.625 ], "texture": "#voxels_atlas" },
				"south": { "uv": [ 9.5, 12.375, 10.25, 12.5 ], "texture": "#voxels_atlas" },
				"west": { "uv": [ 12.25, 12.5, 12.375, 12.625 ], "texture": "#voxels_atlas" },
				"east": { "uv": [ 12.5, 12.5, 12.375, 12.625 ], "texture": "#voxels_atlas" }
			}
		},
		{
			"__comment": "Voxels",
			"from": [ 9.5, 9, 5.5 ],
			"to": [ 12, 9.5, 6 ],
			"faces": {
				"down": { "uv": [ 9.5, 11.875, 10.125, 12 ], "texture": "#voxels_atlas" },
				"up": { "uv": [ 9.5, 11.75, 10.125, 11.625 ], "texture": "#voxels_atlas" },
				"north": { "uv": [ 10.125, 11.5, 9.5, 11.625 ], "texture": "#voxels_atlas" },
				"south": { "uv": [ 9.5, 11.375, 10.125, 11.5 ], "texture": "#voxels_atlas" },
				"west": { "uv": [ 12.5, 12.5, 12.625, 12.625 ], "texture": "#voxels_atlas" },
				"east": { "uv": [ 12.75, 12.5, 12.625, 12.625 ], "texture": "#voxels_atlas" }
			}
		},
		{
			"__comment": "Voxels",
			"from": [ 9.5, 9, 10.5 ],
			"to": [ 12, 9.5, 11 ],
			"faces": {
				"down": { "uv": [ 9.5, 10.5, 10.125, 10.625 ], "texture": "#voxels_atlas" },
				"up": { "uv": [ 9.5, 10.5, 10.125, 10.375 ], "texture": "#voxels_atlas" },
				"north": { "uv": [ 10.125, 10.25, 9.5, 10.375 ], "texture": "#voxels_atlas" },
				"south": { "uv": [ 9.5, 10.125, 10.125, 10.25 ], "texture": "#voxels_atlas" },
				"west": { "uv": [ 12.75, 12.5, 12.875, 12.625 ], "texture": "#voxels_atlas" },
				"east": { "uv": [ 13, 12.5, 12.875, 12.625 ], "texture": "#voxels_atlas" }
			}
		},
		{
			"__comment": "Voxels",
			"from": [ 10, 8.5, 4 ],
			"to": [ 10.5, 9, 5 ],
			"faces": {
				"down": { "uv": [ 10.75, 8.25, 10.875, 8.5 ], "texture": "#voxels_atlas" },
				"up": { "uv": [ 10.75, 8.25, 10.875, 8 ], "texture": "#voxels_atlas" },
				"north": { "uv": [ 13.125, 12.5, 13, 12.625 ], "texture": "#voxels_atlas" },
				"south": { "uv": [ 13.125, 12.5, 13.25, 12.625 ], "texture": "#voxels_atlas" },
				"west": { "uv": [ 10.875, 9.5, 11.125, 9.625 ], "texture": "#voxels_atlas" },
				"east": { "uv": [ 11.125, 9.375, 10.875, 9.5 ], "texture": "#voxels_atlas" }
			}
		},
		{
			"__comment": "Voxels",
			"from": [ 10, 8.5, 11.5 ],
			"to": [ 11.5, 9, 12 ],
			"faces": {
				"down": { "uv": [ 13.375, 13, 13.75, 13.125 ], "texture": "#voxels_atlas" },
				"up": { "uv": [ 13.75, 13.125, 14.125, 13 ], "texture": "#voxels_atlas" },
				"north": { "uv": [ 14.5, 13, 14.125, 13.125 ], "texture": "#voxels_atlas" },
				"south": { "uv": [ 14.5, 13, 14.875, 13.125 ], "texture": "#voxels_atlas" },
				"west": { "uv": [ 13.5, 12.5, 13.625, 12.625 ], "texture": "#voxels_atlas" },
				"east": { "uv": [ 13.75, 12.5, 13.625, 12.625 ], "texture": "#voxels_atlas" }
			}
		},
		{
			"__comment": "Voxels",
			"from": [ 10, 8.5, 12 ],
			"to": [ 10.5, 9, 12.5 ],
			"faces": {
				"down": { "uv": [ 13.75, 12.5, 13.875, 12.625 ], "texture": "#voxels_atlas" },
				"up": { "uv": [ 13.875, 12.625, 14, 12.5 ], "texture": "#voxels_atlas" },
				"north": { "uv": [ 11.5, 10, 11.375, 10.125 ], "texture": "#voxels_atlas" },
				"south": { "uv": [ 14.125, 12.5, 14.25, 12.625 ], "texture": "#voxels_atlas" },
				"west": { "uv": [ 14.25, 12.5, 14.375, 12.625 ], "texture": "#voxels_atlas" },
				"east": { "uv": [ 14.5, 12.5, 14.375, 12.625 ], "texture": "#voxels_atlas" }
			}
		},
		{
			"__comment": "Voxels",
			"from": [ 10.5, 8, 5 ],
			"to": [ 11, 8.5, 5.5 ],
			"faces": {
				"down": { "uv": [ 14.5, 12.5, 14.625, 12.625 ], "texture": "#voxels_atlas" },
				"up": { "uv": [ 14.625, 12.625, 14.75, 12.5 ], "texture": "#voxels_atlas" },
				"north": { "uv": [ 14.875, 12.5, 14.75, 12.625 ], "texture": "#voxels_atlas" },
				"south": { "uv": [ 14.875, 12.5, 15, 12.625 ], "texture": "#voxels_atlas" },
				"west": { "uv": [ 15, 12.5, 15.125, 12.625 ], "texture": "#voxels_atlas" },
				"east": { "uv": [ 15.25, 12.5, 15.125, 12.625 ], "texture": "#voxels_atlas" }
			}
		},
		{
			"__comment": "Voxels",
			"from": [ 10.5, 8, 11 ],
			"to": [ 11, 8.5, 11.5 ],
			"faces": {
				"down": { "uv": [ 15.25, 12.5, 15.375, 12.625 ], "texture": "#voxels_atlas" },
				"up": { "uv": [ 15.375, 12.625, 15.5, 12.5 ], "texture": "#voxels_atlas" },
				"north": { "uv": [ 15.625, 12.5, 15.5, 12.625 ], "texture": "#voxels_atlas" },
				"south": { "uv": [ 15.625, 12.5, 15.75, 12.625 ], "texture": "#voxels_atlas" },
				"west": { "uv": [ 15.75, 12.5, 15.875, 12.625 ], "texture": "#voxels_atlas" },
				"east": { "uv": [ 16, 12.5, 15.875, 12.625 ], "texture": "#voxels_atlas" }
			}
		},
		{
			"__comment": "Voxels",
			"from": [ 10.5, 8.5, 4.5 ],
			"to": [ 11.5, 9, 5 ],
			"faces": {
				"down": { "uv": [ 11.5, 12.625, 11.75, 12.75 ], "texture": "#voxels_atlas" },
				"up": { "uv": [ 11.75, 12.75, 12, 12.625 ], "texture": "#voxels_atlas" },
				"north": { "uv": [ 12.25, 12.625, 12, 12.75 ], "texture": "#voxels_atlas" },
				"south": { "uv": [ 12.25, 12.625, 12.5, 12.75 ], "texture": "#voxels_atlas" },
				"west": { "uv": [ 11.375, 11.875, 11.5, 12 ], "texture": "#voxels_atlas" },
				"east": { "uv": [ 11.5, 11.75, 11.375, 11.875 ], "texture": "#voxels_atlas" }
			}
		},
		{
			"__comment": "Voxels",
			"from": [ 10.5, 9, 5 ],
			"to": [ 11, 9.5, 5.5 ],
			"faces": {
				"down": { "uv": [ 11.375, 11.625, 11.5, 11.75 ], "texture": "#voxels_atlas" },
				"up": { "uv": [ 11.375, 11.625, 11.5, 11.5 ], "texture": "#voxels_atlas" },
				"north": { "uv": [ 11.5, 11.375, 11.375, 11.5 ], "texture": "#voxels_atlas" },
				"south": { "uv": [ 11.375, 11.25, 11.5, 11.375 ], "texture": "#voxels_atlas" },
				"west": { "uv": [ 11.375, 11.125, 11.5, 11.25 ], "texture": "#voxels_atlas" },
				"east": { "uv": [ 11.5, 11, 11.375, 11.125 ], "texture": "#voxels_atlas" }
			}
		},
		{
			"__comment": "Voxels",
			"from": [ 10.5, 9, 11 ],
			"to": [ 11, 9.5, 11.5 ],
			"faces": {
				"down": { "uv": [ 11.375, 10.875, 11.5, 11 ], "texture": "#voxels_atlas" },
				"up": { "uv": [ 11.375, 10.875, 11.5, 10.75 ], "texture": "#voxels_atlas" },
				"north": { "uv": [ 11.5, 10.625, 11.375, 10.75 ], "texture": "#voxels_atlas" },
				"south": { "uv": [ 11.375, 10.5, 11.5, 10.625 ], "texture": "#voxels_atlas" },
				"west": { "uv": [ 11.375, 10.375, 11.5, 10.5 ], "texture": "#voxels_atlas" },
				"east": { "uv": [ 11.5, 10.25, 11.375, 10.375 ], "texture": "#voxels_atlas" }
			}
		},
		{
			"__comment": "Voxels",
			"from": [ 11, 7.5, 8 ],
			"to": [ 12, 8, 8.5 ],
			"faces": {
				"down": { "uv": [ 12.5, 12.625, 12.75, 12.75 ], "texture": "#voxels_atlas" },
				"up": { "uv": [ 11, 8.375, 11.25, 8.25 ], "texture": "#voxels_atlas" },
				"north": { "uv": [ 13, 12.625, 12.75, 12.75 ], "texture": "#voxels_atlas" },
				"south": { "uv": [ 13, 12.625, 13.25, 12.75 ], "texture": "#voxels_atlas" },
				"west": { "uv": [ 11.375, 9.625, 11.5, 9.75 ], "texture": "#voxels_atlas" },
				"east": { "uv": [ 11.5, 9.5, 11.375, 9.625 ], "texture": "#voxels_atlas" }
			}
		},
		{
			"__comment": "Voxels",
			"from": [ 11, 9.5, 8 ],
			"to": [ 12, 10, 8.5 ],
			"faces": {
				"down": { "uv": [ 13.25, 12.625, 13.5, 12.75 ], "texture": "#voxels_atlas" },
				"up": { "uv": [ 13.5, 12.75, 13.75, 12.625 ], "texture": "#voxels_atlas" },
				"north": { "uv": [ 14, 12.625, 13.75, 12.75 ], "texture": "#voxels_atlas" },
				"south": { "uv": [ 14, 12.625, 14.25, 12.75 ], "texture": "#voxels_atlas" },
				"west": { "uv": [ 11.375, 8.875, 11.5, 9 ], "texture": "#voxels_atlas" },
				"east": { "uv": [ 11.5, 8.75, 11.375, 8.875 ], "texture": "#voxels_atlas" }
			}
		},
		{
			"__comment": "Voxels",
			"from": [ 18, 8.5, 6.5 ],
			"to": [ 24.5, 9, 7 ],
			"faces": {
				"down": { "uv": [ 14, 15.75, 15.625, 15.875 ], "texture": "#voxels_atlas" },
				"up": { "uv": [ 14, 15.75, 15.625, 15.625 ], "texture": "#voxels_atlas" },
				"north": { "uv": [ 15.625, 15.5, 14, 15.625 ], "texture": "#voxels_atlas" },
				"south": { "uv": [ 14.375, 14.375, 16, 14.5 ], "texture": "#voxels_atlas" },
				"west": { "uv": [ 11.375, 8.125, 11.5, 8.25 ], "texture": "#voxels_atlas" },
				"east": { "uv": [ 11.5, 8, 11.375, 8.125 ], "texture": "#voxels_atlas" }
			}
		},
		{
			"__comment": "Voxels",
			"from": [ 18, 8.5, 9.5 ],
			"to": [ 24.5, 9, 10 ],
			"faces": {
				"down": { "uv": [ 12.25, 14.25, 13.875, 14.375 ], "texture": "#voxels_atlas" },
				"up": { "uv": [ 13.875, 14.375, 15.5, 14.25 ], "texture": "#voxels_atlas" },
				"north": { "uv": [ 10, 14.125, 8.375, 14.25 ], "texture": "#voxels_atlas" },
				"south": { "uv": [ 14, 15.875, 15.625, 16 ], "texture": "#voxels_atlas" },
				"west": { "uv": [ 12, 12.375, 12.125, 12.5 ], "texture": "#voxels_atlas" },
				"east": { "uv": [ 12.25, 12.375, 12.125, 12.5 ], "texture": "#voxels_atlas" }
			}
		},
		{
			"__comment": "Voxels",
			"from": [ 20, 8.5, 6 ],
			"to": [ 22.5, 9, 6.5 ],
			"faces": {
				"down": { "uv": [ 9.5, 9.375, 10.125, 9.5 ], "texture": "#voxels_atlas" },
				"up": { "uv": [ 9.5, 9.375, 10.125, 9.25 ], "texture": "#voxels_atlas" },
				"north": { "uv": [ 10.125, 9.125, 9.5, 9.25 ], "texture": "#voxels_atlas" },
				"south": { "uv": [ 7.125, 13.375, 7.75, 13.5 ], "texture": "#voxels_atlas" },
				"west": { "uv": [ 12.75, 12.375, 12.875, 12.5 ], "texture": "#voxels_atlas" },
				"east": { "uv": [ 13, 12.375, 12.875, 12.5 ], "texture": "#voxels_atlas" }
			}
		},
		{
			"__comment": "Voxels",
			"from": [ 20, 8.5, 10 ],
			"to": [ 22.5, 9, 10.5 ],
			"faces": {
				"down": { "uv": [ 7.125, 13, 7.75, 13.125 ], "texture": "#voxels_atlas" },
				"up": { "uv": [ 2.25, 10, 2.875, 9.875 ], "texture": "#voxels_atlas" },
				"north": { "uv": [ 2.875, 9.5, 2.25, 9.625 ], "texture": "#voxels_atlas" },
				"south": { "uv": [ 7.375, 9.75, 8, 9.875 ], "texture": "#voxels_atlas" },
				"west": { "uv": [ 13.5, 12.375, 13.625, 12.5 ], "texture": "#voxels_atlas" },
				"east": { "uv": [ 13.75, 12.375, 13.625, 12.5 ], "texture": "#voxels_atlas" }
			}
		},
		{
			"__comment": "Voxels",
			"from": [ 20.5, 8, 6.5 ],
			"to": [ 22, 8.5, 7 ],
			"faces": {
				"down": { "uv": [ 10.875, 12.75, 11.25, 12.875 ], "texture": "#voxels_atlas" },
				"up": { "uv": [ 11.25, 12.875, 11.625, 12.75 ], "texture": "#voxels_atlas" },
				"north": { "uv": [ 12, 12.75, 11.625, 12.875 ], "texture": "#voxels_atlas" },
				"south": { "uv": [ 12, 12.75, 12.375, 12.875 ], "texture": "#voxels_atlas" },
				"west": { "uv": [ 14.25, 12.375, 14.375, 12.5 ], "texture": "#voxels_atlas" },
				"east": { "uv": [ 14.5, 12.375, 14.375, 12.5 ], "texture": "#voxels_atlas" }
			}
		},
		{
			"__comment": "Voxels",
			"from": [ 20.5, 8, 9.5 ],
			"to": [ 22, 8.5, 10 ],
			"faces": {
				"down": { "uv": [ 12.375, 12.75, 12.75, 12.875 ], "texture": "#voxels_atlas" },
				"up": { "uv": [ 12.75, 12.875, 13.125, 12.75 ], "texture": "#voxels_atlas" },
				"north": { "uv": [ 13.5, 12.75, 13.125, 12.875 ], "texture": "#voxels_atlas" },
				"south": { "uv": [ 13.5, 12.75, 13.875, 12.875 ], "texture": "#voxels_atlas" },
				"west": { "uv": [ 15, 12.375, 15.125, 12.5 ], "texture": "#voxels_atlas" },
				"east": { "uv": [ 15.25, 12.375, 15.125, 12.5 ], "texture": "#voxels_atlas" }
			}
		},
		{
			"__comment": "Voxels",
			"from": [ 20.5, 8.5, 5.5 ],
			"to": [ 21, 9, 6 ],
			"faces": {
				"down": { "uv": [ 15.25, 12.375, 15.375, 12.5 ], "texture": "#voxels_atlas" },
				"up": { "uv": [ 15.375, 12.5, 15.5, 12.375 ], "texture": "#voxels_atlas" },
				"north": { "uv": [ 15.625, 12.375, 15.5, 12.5 ], "texture": "#voxels_atlas" },
				"south": { "uv": [ 15.625, 12.375, 15.75, 12.5 ], "texture": "#voxels_atlas" },
				"west": { "uv": [ 15.75, 12.375, 15.875, 12.5 ], "texture": "#voxels_atlas" },
				"east": { "uv": [ 16, 12.375, 15.875, 12.5 ], "texture": "#voxels_atlas" }
			}
		},
		{
			"__comment": "Voxels",
			"from": [ 20.5, 8.5, 10.5 ],
			"to": [ 21, 9, 11 ],
			"faces": {
				"down": { "uv": [ 11.5, 12.25, 11.625, 12.375 ], "texture": "#voxels_atlas" },
				"up": { "uv": [ 11.5, 12.25, 11.625, 12.125 ], "texture": "#voxels_atlas" },
				"north": { "uv": [ 11.625, 12, 11.5, 12.125 ], "texture": "#voxels_atlas" },
				"south": { "uv": [ 11.5, 11.875, 11.625, 12 ], "texture": "#voxels_atlas" },
				"west": { "uv": [ 11.5, 11.75, 11.625, 11.875 ], "texture": "#voxels_atlas" },
				"east": { "uv": [ 11.625, 11.625, 11.5, 11.75 ], "texture": "#voxels_atlas" }
			}
		},
		{
			"__comment": "Voxels",
			"from": [ 20.5, 9, 6.5 ],
			"to": [ 22, 9.5, 7 ],
			"faces": {
				"down": { "uv": [ 13.875, 12.75, 14.25, 12.875 ], "texture": "#voxels_atlas" },
				"up": { "uv": [ 14.25, 12.875, 14.625, 12.75 ], "texture": "#voxels_atlas" },
				"north": { "uv": [ 15, 12.75, 14.625, 12.875 ], "texture": "#voxels_atlas" },
				"south": { "uv": [ 15, 12.75, 15.375, 12.875 ], "texture": "#voxels_atlas" },
				"west": { "uv": [ 11.5, 11, 11.625, 11.125 ], "texture": "#voxels_atlas" },
				"east": { "uv": [ 11.625, 10.875, 11.5, 11 ], "texture": "#voxels_atlas" }
			}
		},
		{
			"__comment": "Voxels",
			"from": [ 20.5, 9, 9.5 ],
			"to": [ 22, 9.5, 10 ],
			"faces": {
				"down": { "uv": [ 15.375, 12.75, 15.75, 12.875 ], "texture": "#voxels_atlas" },
				"up": { "uv": [ 10.875, 12.75, 11.25, 12.625 ], "texture": "#voxels_atlas" },
				"north": { "uv": [ 11.25, 12.5, 10.875, 12.625 ], "texture": "#voxels_atlas" },
				"south": { "uv": [ 10.875, 12.375, 11.25, 12.5 ], "texture": "#voxels_atlas" },
				"west": { "uv": [ 11.5, 10.25, 11.625, 10.375 ], "texture": "#voxels_atlas" },
				"east": { "uv": [ 11.625, 10.125, 11.5, 10.25 ], "texture": "#voxels_atlas" }
			}
		},
		{
			"__comment": "Voxels",
			"from": [ 23.5, 8.5, 7 ],
			"to": [ 25.5, 9, 7.5 ],
			"faces": {
				"down": { "uv": [ 11.5, 13.375, 12, 13.5 ], "texture": "#voxels_atlas" },
				"up": { "uv": [ 12, 13.5, 12.5, 13.375 ], "texture": "#voxels_atlas" },
				"north": { "uv": [ 13, 13.375, 12.5, 13.5 ], "texture": "#voxels_atlas" },
				"south": { "uv": [ 13, 13.375, 13.5, 13.5 ], "texture": "#voxels_atlas" },
				"west": { "uv": [ 11.5, 9.5, 11.625, 9.625 ], "texture": "#voxels_atlas" },
				"east": { "uv": [ 11.625, 9.375, 11.5, 9.5 ], "texture": "#voxels_atlas" }
			}
		},
		{
			"__comment": "Voxels",
			"from": [ 23.5, 8.5, 9 ],
			"to": [ 25.5, 9, 9.5 ],
			"faces": {
				"down": { "uv": [ 13.5, 13.375, 14, 13.5 ], "texture": "#voxels_atlas" },
				"up": { "uv": [ 14, 13.5, 14.5, 13.375 ], "texture": "#voxels_atlas" },
				"north": { "uv": [ 15, 13.375, 14.5, 13.5 ], "texture": "#voxels_atlas" },
				"south": { "uv": [ 15, 13.375, 15.5, 13.5 ], "texture": "#voxels_atlas" },
				"west": { "uv": [ 11.5, 8.75, 11.625, 8.875 ], "texture": "#voxels_atlas" },
				"east": { "uv": [ 11.625, 8.625, 11.5, 8.75 ], "texture": "#voxels_atlas" }
			}
		},
		{
			"__comment": "Voxels",
			"from": [ 24.5, 8, 8 ],
			"to": [ 25, 9.5, 8.5 ],
			"faces": {
				"down": { "uv": [ 11.5, 8.5, 11.625, 8.625 ], "texture": "#voxels_atlas" },
				"up": { "uv": [ 11.5, 8.5, 11.625, 8.375 ], "texture": "#voxels_atlas" },
				"north": { "uv": [ 10.875, 11.125, 10.75, 11.5 ], "texture": "#voxels_atlas" },
				"south": { "uv": [ 10.75, 10.75, 10.875, 11.125 ], "texture": "#voxels_atlas" },
				"west": { "uv": [ 10.75, 10.375, 10.875, 10.75 ], "texture": "#voxels_atlas" },
				"east": { "uv": [ 10.875, 10, 10.75, 10.375 ], "texture": "#voxels_atlas" }
			}
		},
		{
			"__comment": "Voxels",
			"from": [ 24.5, 8.5, 7.5 ],
			"to": [ 26.5, 9, 8 ],
			"faces": {
				"down": { "uv": [ 15.5, 13.375, 16, 13.5 ], "texture": "#voxels_atlas" },
				"up": { "uv": [ 10.5, 13.375, 11, 13.25 ], "texture": "#voxels_atlas" },
				"north": { "uv": [ 11.5, 13.25, 11, 13.375 ], "texture": "#voxels_atlas" },
				"south": { "uv": [ 11.5, 13.25, 12, 13.375 ], "texture": "#voxels_atlas" },
				"west": { "uv": [ 12.25, 12.25, 12.375, 12.375 ], "texture": "#voxels_atlas" },
				"east": { "uv": [ 12.5, 12.25, 12.375, 12.375 ], "texture": "#voxels_atlas" }
			}
		},
		{
			"__comment": "Voxels",
			"from": [ 24.5, 8.5, 8.5 ],
			"to": [ 26.5, 9, 9 ],
			"faces": {
				"down": { "uv": [ 12, 13.25, 12.5, 13.375 ], "texture": "#voxels_atlas" },
				"up": { "uv": [ 12.5, 13.375, 13, 13.25 ], "texture": "#voxels_atlas" },
				"north": { "uv": [ 13.5, 13.25, 13, 13.375 ], "texture": "#voxels_atlas" },
				"south": { "uv": [ 13.5, 13.25, 14, 13.375 ], "texture": "#voxels_atlas" },
				"west": { "uv": [ 13, 12.25, 13.125, 12.375 ], "texture": "#voxels_atlas" },
				"east": { "uv": [ 13.25, 12.25, 13.125, 12.375 ], "texture": "#voxels_atlas" }
			}
		},
		{
			"__comment": "Voxels",
			"from": [ 25, 8.5, 8 ],
			"to": [ 27, 9, 8.5 ],
			"faces": {
				"down": { "uv": [ 14, 13.25, 14.5, 13.375 ], "texture": "#voxels_atlas" },
				"up": { "uv": [ 14.5, 13.375, 15, 13.25 ], "texture": "#voxels_atlas" },
				"north": { "uv": [ 15.5, 13.25, 15, 13.375 ], "texture": "#voxels_atlas" },
				"south": { "uv": [ 15.5, 13.25, 16, 13.375 ], "texture": "#voxels_atlas" },
				"west": { "uv": [ 13.75, 12.25, 13.875, 12.375 ], "texture": "#voxels_atlas" },
				"east": { "uv": [ 14, 12.25, 13.875, 12.375 ], "texture": "#voxels_atlas" }
			}
		}
	],
	"display": {
		"thirdperson_righthand": {
			"rotation":  [ -178, 5, -88 ],
			"translation":  [ -0.695, 6.9564, 1.4016 ],
			"scale":  [ 0.7, 0.6, 0.6 ]
		},
		"thirdperson_lefthand": {
			"rotation":  [ -5, 69, -180 ],
			"translation":  [ -8.347, -6.955, 8.3581 ],
			"scale":  [ 0.8, 0.8, 0.65 ]
		},
		"firstperson_righthand": {
			"rotation":  [ -1, -180, 92 ],
			"translation":  [ 2.7826, 5.5652, 0.6956 ],
			"scale":  [ 0.4, 0.4, 0.4 ]
		},
		"firstperson_lefthand": {
			"rotation":  [ -180, -180, 92 ],
			"translation":  [ 2.7826, 5.5652, 0.6956 ],
			"scale":  [ 0.4, 0.4, 0.4 ]
		},
		"gui": {
			"rotation":  [ 70, 52, 0 ],
			"translation":  [ 0, 0.0006, 0 ],
			"scale":  [ 0.48, 0.48, 0.48 ]
		},
		"ground": {
			"rotation":  [ 6, 38, -81 ],
			"translation":  [ 0.6962, 9.0444, 0 ],
			"scale":  [ 0.6, 0.6, 0.5 ]
		},
		"fixed": {
			"rotation":  [ -89, -133, 0 ],
			"translation":  [ -0.695, 0.6956, -1 ],
			"scale":  [ 0.6, 0.6, 0.6 ]
		}
	}
}
